edge_id,lat,lon,lat_start,lon_start,lat_end,lon_end,vehicle_count,avg_speed,congestion_level
-103176793#2,28.630181723711374,77.2114714805473,28.629505833369,77.21167879224875,28.62979607391544,77.21151440294688,1,3.1988583425437978,Low
-1042816605#0,28.60326596217227,77.18916822675207,28.60306131065356,77.19111749335919,28.602577323558307,77.19230600629297,2,13.19956732067272,Low
-1053851218,28.61066374675962,77.21152261829937,28.61027751715592,77.21145637528672,28.60930467992736,77.20928197986397,2,15.124906788236771,Low
-1057067135,28.59700554530568,77.22917002788684,28.603200666091283,77.23145570809208,28.60288687942682,77.23218846542947,1,13.132960118579732,Low
-1057067138,28.602857284018253,77.22750326163661,28.60318491970891,77.22755843138137,28.603456821155035,77.22875771125709,1,13.035865147434,Low
-1063253395,28.595843235027253,77.1997698572579,28.5926768280152,77.20003893710731,28.591370926895085,77.20091850321413,1,10.950496781149551,Low
-1071423065,28.593095059481836,77.261884120567,28.593096282285543,77.26149960089128,28.59212662254565,77.26073636155145,1,6.15571362531006,Low
-1071423068#0,28.597423913108486,77.26065934404777,28.59654142090361,77.26114196495097,28.59643311487118,77.26019175695353,1,8.895141536781065,Low
-1071423070#0,28.594422020922455,77.26131326438406,28.59460887201112,77.26037260749528,28.596037911142567,77.25991637285561,1,11.937465904775152,Low
-1072967421#1,28.628433752992283,77.20382996505114,28.62901784303637,77.20270994095513,28.62898205885827,77.20295739091037,1,0.0,Low
-1074792173#1,28.603534948149722,77.24268089848051,28.603978737582512,77.24269294474742,28.60527048455068,77.24260792458885,1,1.098277354880702,Low
-1121142413#2,28.628082756471166,77.22762564202357,28.627491696025984,77.2274768898257,28.62774060812295,77.22706685733417,1,8.019387750024908,Low
-1121186660#0,28.625979037294183,77.22798127055121,28.62443739138629,77.22764226275785,28.62400608873269,77.2278681454548,1,6.458303978316877,Low
-1122215539,28.627845619203057,77.21187854958836,28.62767577736784,77.21114024053416,28.62752651434335,77.21085987494219,1,7.678463096465853,Low
-1123830784,28.5885240566884,77.24910888202429,28.589579297321457,77.24732809309693,28.589307182383635,77.24691371045161,1,8.193813913985576,Low
-1123830788#1,28.588780562109452,77.24932029943913,28.58982595525781,77.24765064883768,28.58958919424029,77.24740599481305,1,9.65999902191318,Low
-1123830791#0,28.589959513569262,77.24961170970018,28.590003161952183,77.24774315157799,28.589976338283904,77.2480440438808,1,0.0724579308952796,Low
-1125127545,28.598359434537134,77.25049718575882,28.59963443572969,77.24890906921927,28.599314540540146,77.24357000194375,1,15.23523090227596,Low
-1183353777,28.60472579929498,77.18888030548042,28.60616974258249,77.1886129445173,28.606484681497136,77.18819137984605,1,12.75523410885968,Low
-1187268512#8,28.589220744976096,77.22589679180068,28.58857479353481,77.22776025702416,28.588361801524147,77.22607150957778,1,17.255994220802854,Low
-1236565652,28.588464995271647,77.24803493616476,28.588435710343468,77.24878386421678,28.58851678332488,77.24882443536325,1,0.009836753679504,Low
-1236567729,28.58723368717133,77.24914005750156,28.587922207948136,77.24877957678378,28.588076887904247,77.24906061144263,1,0.0,Low
-1253488797,28.58840882569764,77.21584758156521,28.58971255159616,77.21661327368179,28.589235183539376,77.21665007548974,2,6.875129655060373,Low
-1253499279#0,28.591154617490446,77.23136859834725,28.5891406739821,77.23143278216358,28.588603326878005,77.23149554360948,1,13.563135101924695,Low
-1271156421#0,28.62384343183267,77.20087843261493,28.62255346960422,77.19995874371008,28.623005979950165,77.19997452154794,1,20.71663342508537,Low
-1277942000#8,28.62826292098681,77.22942288444736,28.626458826995933,77.23197422103293,28.627466740025977,77.2320300149844,2,19.97062935090399,Low
-1307655969#2,28.600572859608754,77.18675749376717,28.60419080365737,77.18706671372603,28.604634883752613,77.18764990112435,1,15.08294893267526,Low
-1307655969#4,28.603764109080593,77.18855267586471,28.603717102779346,77.18646257174632,28.603910522506062,77.18671062800236,1,19.19289488530912,Low
-164910162#0,28.589287845077784,77.21599016864546,28.587980367011745,77.21681081478374,28.587649159249025,77.2128932643048,1,13.649218237274669,Low
-169196739#1,28.59898246344557,77.24351543131843,28.598886440752327,77.24303940765348,28.59975699465032,77.2429878710745,1,0.0,Low
-169221586#4,28.59833683178386,77.23027077637738,28.598462939797795,77.22990159571903,28.59742301577394,77.22999781583934,1,12.486287299247971,Low
-169221586#5,28.597396795618575,77.22954358456181,28.59878142464656,77.22988082075629,28.59859302944275,77.22989176825931,1,11.62063207571134,Low
-243179524#1,28.60130495012079,77.22312904191328,28.59937555746424,77.2228665196685,28.600533878074653,77.22396827732106,1,14.600875154023022,Low
-24577367#7,28.603292025349827,77.22874981295912,28.60239027473452,77.22890368291928,28.60269988357084,77.22823738742811,1,23.59732406881077,Low
-24583487#11,28.624025840011978,77.21238679055513,28.62580186604818,77.21144209756953,28.627209585232883,77.21464125740926,5,11.194345872084831,High
-24583487#13,28.623430538296443,77.21048532073385,28.624784700514173,77.21064747461563,28.62570120954639,77.21135132620329,1,9.36779942791798,Low
-24583584#5,28.624153661458248,77.22426757720082,28.62337110931283,77.22495559504826,28.622999910753688,77.22406547883841,1,8.844956826728282,Low
-24583587#1,28.623354385462555,77.22396155621335,28.624318921638228,77.22323707034148,28.626111780999583,77.2222615532474,1,13.576102233930389,Low
-24583593#4,28.622115848030536,77.23052881972639,28.624790583906645,77.22961976258676,28.625681653155613,77.22914928149257,1,10.91761652244857,Low
-24583593#8,28.622621385227163,77.23048934635202,28.62332721142363,77.23045679948143,28.62395318136017,77.23008032687466,1,14.140329601695996,Low
-24583768#0,28.619752400264613,77.21478239264259,28.61973833989106,77.21564059904011,28.62129129419327,77.21575399949425,3,0.7029499245958074,Medium
-24583768#3,28.61774402278901,77.21431194594854,28.61856425079384,77.2155548949658,28.61898664663976,77.21558564822992,1,13.419371881625484,Low
-24584384#2,28.626010708764394,77.20469138015899,28.62471191840598,77.20419963370783,28.62505455955853,77.206380867476,1,11.56991672239548,Low
-276169621#0,28.58964537023873,77.24885081561752,28.588946976638223,77.24844422098309,28.588837851233848,77.24838138123076,2,2.8724694974180824,Low
-276169621#2,28.588210847703056,77.24738622394159,28.58935380417686,77.24867859363418,28.58920240628364,77.24859134176188,1,1.7746716646294458,Low
-276169621#3,28.592126288933752,77.25219016029972,28.589608857075344,77.24889736741689,28.58948063325904,77.24876746942414,1,2.46356757208705,Low
-276169621#5,28.590053904335257,77.25139952853053,28.58983229290764,77.24923803724269,28.58972312526119,77.24904179123882,2,0.0,Low
-276169621#6,28.590535338439715,77.24788717652666,28.589893346427864,77.24950635013526,28.58987397513772,77.2493741690533,2,0.0,Low
-276169621#7,28.590713405441516,77.25049589514938,28.589905386342608,77.24989547200322,28.58989919945024,77.24965388382465,1,0.0,Low
-28121442#5,28.61123550114877,77.19103795230033,28.610673708133803,77.19110875677282,28.61138722265425,77.19509070600208,1,13.51390294154229,Low
-28121486#1,28.594015919531678,77.22089429075503,28.59483988140344,77.21832776094115,28.5969822776418,77.22028320315378,1,10.938327581306083,Low
-28121486#4,28.593785268175072,77.21385049839179,28.59261095643248,77.21621580886828,28.594548228400296,77.21805971835109,1,4.701364377932623,Low
-28121513#1,28.59786927610204,77.22003078970575,28.597919947724364,77.22117426248705,28.59765788260957,77.22090703065767,1,11.810402493713056,Low
-28121513#3,28.59863771236617,77.22192428245022,28.59935914516236,77.22264585641862,28.598525052663494,77.2217887459028,1,13.83315915686387,Low
-28121513#4,28.59975728558723,77.22473589889537,28.600656720671022,77.2238447047461,28.599455777554617,77.22274501455912,1,0.0,Low
-28121513#5,28.60221672597587,77.22420067664528,28.600947541046857,77.22412421252574,28.600757482996915,77.22393955605634,1,13.085206698814796,Low
-291266017#1,28.63059607562046,77.22925756665276,28.63059087902378,77.22889461450966,28.6307489739428,77.22862490649807,1,12.43822718819062,Low
-292194566#0,28.598539935407363,77.24034677198935,28.59899972596792,77.24093608985933,28.59831289136132,77.24101393200093,1,0.0,Low
-292194573#0,28.60188349181778,77.24123981879157,28.602080478140863,77.24130543389862,28.602489208734696,77.24073237763598,1,13.234212986734311,Low
-338959812#2,28.591199849686436,77.25178857796021,28.591310454427965,77.25176200798042,28.591311824616504,77.25196199259516,1,13.149766310762216,Low
-359757123,28.611608308696372,77.21602258729733,28.613412505759445,77.21838935600172,28.61370333283643,77.21237766056227,1,0.8758183885249309,Low
-370672197#0,28.622698114602787,77.23367743809183,28.622489878521275,77.23360182180983,28.6234277456416,77.23409166227081,1,13.223416661313149,Low
-422146755#0,28.59797762523201,77.25964891216812,28.598061520558684,77.25977004143671,28.597009968001363,77.2564852121698,1,14.411674048112468,Low
-422146847,28.595679233672954,77.25789470247719,28.59626536283441,77.25942981536306,28.59437221257851,77.25715017849716,2,5.867576106348506,Low
-44277694#1,28.62432880827923,77.19964509400135,28.62648606670774,77.19903685702742,28.6253619835368,77.19820391560997,1,11.331860668124326,Low
-44277694#3,28.6274164046011,77.20197674650458,28.62786807288695,77.20006080646502,28.62659474688808,77.19911745651099,1,0.0,Low
-44277694#5,28.627372569887804,77.20228818852605,28.629830745631804,77.20144777854938,28.62797838916541,77.20014062415376,2,13.296211107521891,Low
-44351584#3,28.592302710992623,77.1832832524094,28.592215979271096,77.18168837896674,28.5914287154324,77.18371803414026,1,13.84647984442364,Low
-537797267#1,28.61396171754466,77.22428878131673,28.613129516693853,77.22468787611551,28.61342382750336,77.2186016592943,1,20.13163445445244,Low
-537797267#3,28.615161912387048,77.22491828676968,28.61300853854957,77.22760882091092,28.61311936303353,77.22490514540877,1,18.31423241178959,Low
-542802206,28.610910522538028,77.24291377145016,28.60891428107285,77.2423644023352,28.607460214888025,77.24029990114408,2,6.344264993882162,Low
-562205292#0,28.62079674678011,77.2376425860143,28.61960861637221,77.23648626360354,28.62049862873633,77.23732726739007,1,13.318367898246748,Low
-612734122,28.628357668181458,77.2124123207136,28.627866781610027,77.21290900958844,28.62810908049548,77.21278524146265,1,4.874748613084591,Low
-612734126#2,28.62781621209906,77.21237086114196,28.62724804561488,77.2124917805596,28.627785909849653,77.21289412060055,1,14.273364,Low
-659486213#0,28.60388979354841,77.235034877073,28.604678808426776,77.23404991624813,28.60525777366088,77.23521708253419,1,13.034229843749202,Low
-675478334#9,28.62518800471351,77.20761552065773,28.624822406717,77.2063861348577,28.624572982142155,77.20578422594467,1,11.814459045003042,Low
-686682930#0,28.606285027238297,77.19899001513515,28.605320878205205,77.19961493413821,28.60542912441756,77.19935534708661,1,0.0,Low
-686685084#0,28.62779521960191,77.20497640015948,28.62749619326648,77.2046204512465,28.627749568053083,77.20506865267483,3,0.0,Medium
-686834805#0,28.62894793680737,77.19585383025256,28.62853789234346,77.19743358665325,28.62912027136218,77.19785355666039,1,13.417501712751148,Low
-696811929#0,28.589301525725656,77.25770068320075,28.59013538655043,77.25536340520331,28.59034678121555,77.25625319287876,1,12.998925274490157,Low
-696817949,28.58865453306208,77.2525412981253,28.58798834567199,77.25276361262495,28.587959086203146,77.25193957898348,1,17.255760334583314,Low
-698886331#5,28.627289309508946,77.23655899854302,28.62777918492289,77.23548901911786,28.62728850783105,77.23554498606947,1,2.060170841219157,Low
-700293880#0,28.628148979214345,77.22811164530907,28.63077657406684,77.22977137878001,28.63035500598037,77.22946047442638,1,0.0056485338098683,Low
-708433702,28.60107448960857,77.18211944434624,28.60163693118092,77.18541805691099,28.60183049509507,77.18489614424213,1,12.751800500688272,Low
-708488754#9,28.6145384358635,77.20674421929176,28.61084804421063,77.2051708177221,28.61114670358169,77.19990761591767,1,19.42600435341797,Low
-712992080#4,28.62195104171342,77.23590657809484,28.62346065562799,77.23426814180283,28.62165014339791,77.23609546694384,1,31.101014752814145,Low
-712992080#8,28.62594759246181,77.23166565242953,28.62522327940943,77.23252022004398,28.62355894112288,77.23416796509315,1,20.193994581975623,Low
-715742822#0,28.590598010569213,77.24290249212314,28.5877049644048,77.24513569745763,28.58805731121185,77.24431220901957,1,11.887522615616792,Low
-717046639#0,28.60645945195903,77.23765751094244,28.60645399673021,77.23832868956261,28.60698183090956,77.23926793718047,1,0.0628586430976053,Low
-717046639#3,28.60682269355108,77.23692206747552,28.605707774126728,77.23694855886205,28.60578193320458,77.23708570242376,1,12.130733241478351,Low
-717531847#3,28.617062817549122,77.2357465303524,28.617990036983493,77.23602105587872,28.61835539372377,77.23630375920837,1,12.472199869271906,Low
-718297218,28.602451728505482,77.18482279173887,28.601551537325395,77.1856274130302,28.60047589113305,77.18502443318717,2,9.975477334633858,Low
-739750546#0,28.589021054283617,77.25002090901945,28.5893635040097,77.25074762728066,28.58935434772937,77.25060891752,1,5.799063823769464,Low
-74846211#1,28.597474550746654,77.18061027997153,28.599935373260298,77.18034251965817,28.599682411085773,77.18079992051813,1,13.066088842915468,Low
-74851423#6,28.630027594141602,77.23077778503661,28.63018776895714,77.23087719832856,28.63035706342779,77.23059607314151,1,13.251024857534988,Low
-773567404#0,28.593338614001564,77.20018426794641,28.59276579233994,77.1999444896144,28.596038299802043,77.20051718333508,2,6.876590545413425,Low
-773743281#0,28.59916578558783,77.19542264649452,28.59931294915143,77.19608416040704,28.60020416924977,77.19673943216313,1,12.268766455277635,Low
-775967403#2,28.590655113450147,77.21422898259077,28.588267291784327,77.21572343666709,28.58885638420827,77.21563561239921,1,14.495271978581696,Low
-80921410#2,28.61318747748871,77.20896871481672,28.61220182847441,77.20866155295215,28.610992964496425,77.20601268468069,2,13.963484314089222,Low
-80926777#1,28.629567751923524,77.20136805848665,28.63047611034627,77.20188872621404,28.631344075537243,77.20277305597897,1,12.75944323577355,Low
-80926781#0,28.625342051826255,77.20494745930576,28.626591579268,77.20466944341135,28.626264113550366,77.20484298885246,3,0.0010562661330561,Medium
-80926781#1,28.62624096750919,77.20362265028193,28.627871932284787,77.20314895519778,28.62670943657012,77.20460727704759,1,13.71273550193307,Low
-80926782,28.62279857311639,77.20787257960534,28.62250947201876,77.20910078138843,28.62223720796077,77.2075757248859,1,4.830277192185167,Low
-80950064#3,28.604697355011012,77.2093160985081,28.60777884095092,77.2094085191489,28.60477928718594,77.20927580120609,1,13.897284654201698,Low
-993538731#1,28.607755289689063,77.21271092160282,28.60779101077124,77.21210853286222,28.60745958977217,77.21362900739909,1,7.0570785896690325,Low
-993539947,28.630492843488224,77.23223233305336,28.62981508578954,77.2326816510501,28.629431995167103,77.23355649076146,1,1.7523017168277872,Low
-998790356#8,28.620276187767463,77.22501026195482,28.621122260272102,77.22170691192585,28.6202437005931,77.21972581030757,6,7.171914800075e-05,High
-998790358#17,28.62425819402525,77.22930356868977,28.62464297234402,77.22963617378014,28.62414135088188,77.22851482801518,1,12.682957693398937,Low
-998790358#19,28.6235699761308,77.23060092165986,28.625064452929564,77.23054436069484,28.62470417791852,77.22977132590901,1,15.93787328281014,Low
1042816605#2,28.602868310096923,77.19067633259836,28.603087282823225,77.19091181352411,28.60329921007472,77.19063954866603,1,18.051736397494643,Low
1053851211#6,28.61890370530935,77.21526242578072,28.61679584346046,77.21538554595537,28.616855707406803,77.21395311525664,1,30.7162587766706,Low
1063253367,28.598061853160996,77.17677849822664,28.59980507712037,77.17741818300144,28.59892961876569,77.1779774606236,1,11.934559484971455,Low
1063253369#1,28.599220718386942,77.17821254690851,28.600908612174727,77.17937591237084,28.59987586054716,77.17743794331945,2,12.71958216324852,Low
1064518285,28.603829989472594,77.19898582037888,28.60503184087896,77.19863832800775,28.605094193143696,77.1987938077487,1,7.710078750009607,Low
1066077570#0,28.620684109740086,77.21083845256062,28.620541499760048,77.21058370368914,28.622583282230128,77.21205913461742,2,18.66752854056023,Low
1066619121#0,28.63003450709584,77.21353848310831,28.62730384891187,77.21487455588414,28.627255425792267,77.21508798436277,1,0.0283796431138957,Low
1072954052#2,28.62754719755576,77.20301095856969,28.627406972897884,77.20239506974484,28.62725256575231,77.20263533443553,1,10.22347693149148,Low
1072960946#4,28.6223729167922,77.19647691353028,28.62159248367264,77.19775477593866,28.621190148618616,77.1972655777191,1,8.267199931060896,Low
1075090701,28.598385826513674,77.21771282773169,28.59850803682581,77.21719047557767,28.59697045678004,77.21570054411721,2,12.679243598691771,Low
1075734524#0,28.62606837704966,77.23320646378468,28.626156569394947,77.23254345286425,28.62600913660264,77.23237927069329,3,0.7189339144321457,Medium
1076627689#0,28.625699972543316,77.22723206097851,28.62588521857056,77.23145588966665,28.628658696523345,77.22680747463468,1,20.621983703516246,Low
111695524#13,28.627916634514943,77.20435983920473,28.628153690790786,77.20464237742738,28.627973008146945,77.20495009648415,1,0.0048233941517875,Low
111695524#2,28.63394309636993,77.20126461716352,28.63112096532406,77.1994787645542,28.63074756339958,77.20008110034485,1,8.076308544259518,Low
111695524#4,28.63253816476214,77.19891071890099,28.63060540680473,77.20032285874115,28.630250112251435,77.20093783843741,1,18.96325430114004,Low
111695524#8,28.629247383791228,77.20149227984254,28.62989227344128,77.20155930583671,28.6290945004764,77.20298407896954,2,10.807471776362192,Low
111695524#9,28.62974331415166,77.20310986505812,28.62901915726951,77.20311739271979,28.62873712677096,77.2036207795825,1,10.937849204371709,Low
111695525#0,28.626388242503516,77.2080046873632,28.627150668822587,77.20591994783878,28.627726516557964,77.2051877170691,2,16.608005490547523,Low
112102188#1,28.60567501683133,77.23807791929165,28.60621522383469,77.23880037897598,28.605897733101425,77.23900129707772,1,11.11016258205983,Low
112102221#7,28.605369798313088,77.22491056935833,28.6041960999871,77.22912819497604,28.60392086644708,77.2291470227325,1,9.169718730161936,Low
1122023978,28.629364463760382,77.197956062323,28.630452496419394,77.19967119526075,28.630527604037624,77.19953552008404,1,6.124537198028796,Low
1122026492#1,28.6276910759851,77.20016301202996,28.62801019085597,77.20117119081212,28.62818106143087,77.20085599919285,1,6.2815723911275,Low
1123830785#1,28.592202452414657,77.24748771142978,28.589228752423487,77.2468823968568,28.58892894772582,77.24704448554938,2,1.127762737013794,Low
1125127547,28.58871331254552,77.24665974205007,28.588919112391068,77.24674506503858,28.58886534220805,77.24692986770684,2,0.0,Low
1134215441,28.62585823561962,77.24024207318367,28.62646432529668,77.24133606050913,28.625640333498747,77.24076020724732,1,24.523474029228364,Low
116046166#0,28.622788544068094,77.22391487293845,28.62131746456748,77.22629417593473,28.620584800626148,77.22671790310562,1,25.974991530672217,Low
116046168#0,28.61577825104569,77.2296839470393,28.61555170889939,77.22951172228912,28.61939750181978,77.22724450700319,1,8.030476329592057,Low
116046169#0,28.619545675077326,77.22511288736065,28.619446412369413,77.22744166456343,28.61561183969736,77.2296464305894,2,0.0,Low
118011777#0,28.60371287699141,77.18391724682661,28.60357803488897,77.18348631552357,28.608980156036623,77.18131735680936,1,8.79547538635342,Low
1187268467#0,28.60799878496043,77.23557679210396,28.6069478064329,77.23946505425032,28.607220773660373,77.23995465783906,7,1.62310360902e-05,High
1187268468#0,28.606243149593094,77.24006143557601,28.606798741762624,77.23939461614954,28.60643938334689,77.23872180639303,1,18.11287003922037,Low
1187268468#2,28.60292403350882,77.24050407270705,28.6063721691933,77.23859585028018,28.60520313092468,77.23640733720133,9,2.82230213048404,High
1187268468#3,28.603956920876872,77.23864698003516,28.605113021443493,77.23630175603829,28.60504816426301,77.23618045376112,1,0.1753954420684012,Low
1187268468#4,28.604903466464272,77.23729378071924,28.60505564983924,77.2361314346015,28.604886468875257,77.23581448366376,4,1.3890954915098157,Medium
1187268470#0,28.60549453913031,77.23554330776386,28.604796176797368,77.23580745918265,28.60439034511852,77.23606928820764,1,15.421906834980472,Low
1187268475#3,28.605673885918065,77.23557890519713,28.605253951214547,77.23633490278395,28.60687804897876,77.23934016777301,9,4.242851398884534,High
1187268476#2,28.603917883779722,77.234103880665,28.603341918352484,77.23303624328742,28.6038619256652,77.23388887932519,1,25.57943630100005,Low
1187268476#3,28.60369868667427,77.2324248786135,28.603935809727083,77.23401006319345,28.60421500808297,77.2344677699065,1,28.41180753538384,Low
1187268476#3-AddedOffRampEdge,28.604092398233263,77.23627312395652,28.6042798005055,77.23451647849147,28.604763427360243,77.23530946842281,6,2.569032433326301,High
1187268476#4,28.604958343989807,77.23529149805445,28.604756304555167,77.23535839296318,28.60483280460925,77.23551235120696,4,1.236856794018523,Medium
1187268480#0,28.604122868609075,77.23244330876302,28.60250383211709,77.231888986918,28.60234516107228,77.23161807512213,2,9.04495260744472,Low
1187268480#1-AddedOnRampEdge,28.602392970608612,77.23207564435138,28.602305240125084,77.23160956338052,28.60182298615493,77.23081397948033,19,0.0,High
1187268480#2,28.59943266378283,77.2297410623215,28.60173896873132,77.23061754372631,28.60162863536136,77.23043568345372,3,0.0,Medium
1187268483#3,28.603033176656904,77.23047449652728,28.602444947006283,77.23154718637095,28.60260067199669,77.23181619576079,1,3.1075387524906546,Low
1187268484,28.60400053190687,77.22868558268823,28.60164033252588,77.23030056809704,28.60163869553825,77.23030135141462,1,0.0,Low
1187268486,28.603549570013467,77.23103819204619,28.601496948082566,77.23019714188752,28.60110533928323,77.22956215641564,1,3.823208567078076,Low
1187268491#0,28.59825296938803,77.23223412702751,28.600473336020585,77.22836889898906,28.600882635032978,77.2290478027148,2,13.070872157358302,Low
1187268491#0-AddedOffRampEdge,28.600252548061736,77.22878401332703,28.60097100963354,77.22907819269179,28.60145920239471,77.22987542144575,8,4.217705490294136,High
1187268498,28.59936422431841,77.22534849285908,28.599212036147904,77.226282544059,28.600399256903028,77.22822083068792,1,0.0,Low
1187268499#3,28.59560741284055,77.22349271585921,28.595736238681624,77.22343151570759,28.59493861256445,77.22347616268443,2,20.508254298247174,Low
1187268502#1,28.59312055379748,77.22432566078045,28.592895686817588,77.22348610557418,28.5969760882758,77.22324835061794,1,9.929610475164042,Low
1187268505#0,28.589969828569497,77.22373922719203,28.590469885695697,77.22355883405335,28.590100841295225,77.2197656116976,4,14.308663964393377,Medium
1204190063,28.601769824796442,77.22446080060044,28.60189986286179,77.22495645381959,28.60253024862737,77.22551927198276,1,14.729535227400318,Low
1219699878#0,28.63139716534281,77.20652818021377,28.62736446319868,77.20726335436414,28.62789065548964,77.20860420672548,2,17.821389449714438,Low
1219699881#2,28.62858587179184,77.20874218133127,28.62877025853311,77.20830724426847,28.62799880766011,77.20871681453404,2,4.774479769992323,Low
1248027219,28.61252574630797,77.25051968513033,28.614953371163576,77.25018570317278,28.61545049913994,77.24883371894441,1,22.14363374703704,Low
1248027223#0,28.613182081783737,77.23622405031986,28.615303171543307,77.2369986843791,28.614366734465765,77.23489692573555,1,24.996695738838376,Low
1248027227,28.617976843588913,77.24023662190366,28.617498948513525,77.24012232799463,28.61994866647221,77.24046311371562,1,20.732567947942385,Low
1253188528#0,28.597257359483073,77.20750332830416,28.59615471030789,77.20724859845478,28.59649501212343,77.20710144142923,1,12.38122140533524,Low
1253188528#3,28.597263432778934,77.20682905173052,28.59680619357076,77.20695837765322,28.60077959904684,77.20510034794444,2,29.487008379151927,Low
1253534997#1,28.589740145330623,77.24506419561479,28.58958036382949,77.24482911780832,28.589677090952275,77.24513406729791,1,11.865137797224186,Low
1264455025,28.598573138045285,77.22009267760873,28.59756202868865,77.22302278950474,28.5974441038278,77.22321516430705,1,0.0,Low
1271156421#5,28.62018272210538,77.19921035813434,28.618611773111745,77.19981263371896,28.61828989508822,77.19979242453125,1,27.09608934641852,Low
1273251979,28.609940227409695,77.24010874944021,28.6093784071844,77.23994206841654,28.60972969866167,77.23996169144999,1,10.449643325195332,Low
1277941999#0,28.62762144999708,77.23175126593593,28.62640465439323,77.23200927512755,28.62614753077493,77.23208993743961,3,4.190735208132369,Medium
1287398725#1,28.621599681062644,77.21234539585186,28.621208782518803,77.21266481684144,28.619472969671044,77.21252144947752,1,10.325508513410837,Low
1287398725#3,28.614403188264912,77.2132279442237,28.61924953433953,77.21250674243755,28.61736659873962,77.21248249043805,1,0.4854394463078869,Low
1290450967#4,28.597431701556683,77.21334087799453,28.59901841866621,77.2143114034953,28.598067162611247,77.21217693397139,1,32.761077243840845,Low
1304911907#0-AddedOnRampEdge,28.612516355595737,77.24881383529186,28.6123018188912,77.24918347593258,28.61202714097197,77.24826619249129,2,16.202789957058428,Low
1306567319,28.601286421241117,77.22417537000102,28.601213994335584,77.22732167392046,28.600488562896647,77.2282604407535,2,0.0,Low
1307222666#1,28.615154671051457,77.20848877052258,28.6139349813857,77.20925090072114,28.61380557945505,77.21205045700316,2,19.790183709857324,Low
1307222667#0,28.617446741213676,77.20941965938658,28.613609990684985,77.2122920631707,28.612122668797813,77.21217601584749,3,17.248301486888668,Medium
130987222#3-AddedOffRampEdge,28.61351029235061,77.24138712496486,28.61263576099385,77.24158643785051,28.612672907242025,77.2406224164605,1,22.67709917244812,Low
1312753970#0,28.63044660288436,77.22505086895556,28.629337720715164,77.22696835849345,28.62911556945092,77.22679339691119,1,13.770241458318424,Low
1313158398,28.59431078436676,77.2438623568874,28.59347695691841,77.24329528895396,28.60042464413284,77.23855785836652,4,24.04802353795932,Medium
1313465446,28.602895200870066,77.25652779619764,28.601264756692927,77.2547633965048,28.60103529178529,77.25481871277547,1,23.933762194203023,Low
1327208476#0,28.61765136818892,77.21112803512281,28.61690202514577,77.21387392087124,28.616972802866496,77.21278886512906,1,14.585444963807896,Low
1327208477,28.617049811371228,77.21169150572639,28.61745254741371,77.21325283037673,28.617634200061097,77.2136822209264,1,18.378476823234948,Low
139069980#0,28.617562067743997,77.23480073825245,28.61830502368544,77.23537013964298,28.61826089227631,77.23544732621353,1,6.123577604556903,Low
139069980#2,28.618587982095292,77.23462903794392,28.61790424014163,77.23606422883199,28.617414759188254,77.23690592548857,1,12.527466926209296,Low
150409382#1,28.603763115010107,77.19929673388309,28.60399888126511,77.19710385075481,28.60461058235296,77.19840349774108,2,19.84654040544688,Low
150409383#1,28.602335287613236,77.1946772068252,28.60318711988892,77.19530347591964,28.60394101493964,77.1969720846129,3,23.530221565009917,Medium
152784360,28.592291131513498,77.24233691964079,28.59269681831037,77.24194453513498,28.59222901488961,77.24182838975752,2,9.934371268154123,Low
154356516#1,28.63080631240166,77.23564410019166,28.630692156974625,77.23517821948239,28.628993988371825,77.23815655300199,1,10.636386968267306,Low
163193280#8,28.599526501003634,77.23214739650581,28.599619283633096,77.23170082656279,28.599612230302583,77.23209632885721,1,8.106470808870219,Low
163193933#13,28.595925985566126,77.22952433137934,28.59250828586613,77.23094790917935,28.59220284063685,77.2309713077277,1,7.678429078356176,Low
169196737#12,28.598047445887588,77.2430172101343,28.59836292279932,77.24300783936211,28.59830224788088,77.24149941923021,2,13.630451931221394,Low
169196739#1,28.601711362432777,77.2445763522113,28.59975843949172,77.24302051480413,28.59887488051699,77.24307279717118,1,13.698501778569987,Low
169221587#8,28.599387063373214,77.23158214372602,28.599670947071488,77.23160990657799,28.600883279755728,77.23050601998793,1,8.42687451362687,Low
169421698,28.58784657595626,77.23932336396184,28.58785103795445,77.24076158445381,28.589546137917925,77.23982261995005,1,25.98460503121128,Low
176492654#3,28.593402849602604,77.22895927706227,28.591607465436145,77.22880755148438,28.59184762524115,77.22879820539342,1,18.276684663826728,Low
176492658#0,28.59741656655791,77.21060422116031,28.59743862434224,77.21128148507722,28.596240178274893,77.21155449972251,1,12.064899875265487,Low
176492750#0,28.590128923315465,77.24587643626067,28.588953518134,77.2474074965982,28.588842097682164,77.2471238042048,3,0.6604155160629981,Medium
202678196#1,28.590529369887594,77.25949060308092,28.589654308671665,77.25822473224295,28.589199822118683,77.25720146041296,1,11.435976828660362,Low
202800234#3,28.588979354631896,77.26001847681171,28.5893295150986,77.2571287902014,28.58954068870893,77.25759770991641,1,13.979547848709666,Low
220385651#15,28.589075743657254,77.24670007922906,28.58930462043873,77.24779769701092,28.589218794757134,77.24774445150047,1,7.415211747297247,Low
23133600#0,28.630993015262725,77.22277047746735,28.63069072135318,77.21962150908038,28.630879763531325,77.22069959136498,1,8.793390443799614,Low
23134098#0,28.612342147837428,77.2276875500039,28.611819802932423,77.2276079598759,28.61295621256844,77.22766333954394,12,1.8785834696445327,High
23134098#1,28.611974301962583,77.22622665128478,28.61308493234188,77.22767096485401,28.61402649298697,77.22775116978312,1,17.24780683108055,Low
23134098#4,28.615011096047088,77.22761561568927,28.615022240306864,77.2284813008787,28.615483626676976,77.22948737945795,3,17.17910795599097,Medium
23134098#7,28.61481100913403,77.23032960738291,28.61558882078957,77.22972385948742,28.615905793805737,77.23043087769666,3,21.59430777075356,Medium
23134680#1,28.609446667048207,77.23139617940257,28.60799781068543,77.23090143430734,28.60531390272788,77.2307258019721,1,19.887363008822675,Low
23134734#0,28.615901856709186,77.22029501972499,28.61998507911652,77.21945215169002,28.61988979067616,77.21946364467311,1,6.659837651764974,Low
23134734#3,28.6191500642361,77.22027613253017,28.619469181144577,77.2192468084081,28.61936393125432,77.21902914271499,1,10.608054778677264,Low
23134751#0,28.608495011430772,77.19033419618006,28.60975790671961,77.19161519004362,28.60744224877644,77.19425429759052,1,26.717185662421617,Low
23134751#3,28.607664414364564,77.19444367272258,28.60736979812188,77.19437671167739,28.60700934478701,77.19499454265554,1,21.80114665175404,Low
23134751#4,28.607114579713606,77.19613260021515,28.60693769867878,77.19511738142626,28.60539634018384,77.19778309661172,1,21.707257413676903,Low
23151254#0,28.607313607467574,77.23955892247561,28.607084057525583,77.23999418704385,28.60689108905081,77.2395611855044,1,14.861675411525647,Low
24537423#5,28.603799837550213,77.18186989479176,28.60335625634626,77.1835084132707,28.602574795353224,77.18196662168009,1,11.99497692835707,Low
24563336#2,28.590592625436948,77.2250045150235,28.59090079484484,77.22738589061983,28.590499167420788,77.2238364855856,5,24.052488239060388,High
24563343#4,28.586779184072814,77.2482045519175,28.588921353394767,77.2477530467355,28.588935464181134,77.24747877188122,2,2.219171348312021,Low
24563348#10,28.592449090753213,77.23834185378153,28.592654337276784,77.23811548488139,28.59277437901564,77.23973579640018,3,24.293636939059738,Medium
24563348#8,28.59425428072343,77.2344004217282,28.592425568642145,77.23615500890989,28.59254135702227,77.23704490580334,2,21.92821471718923,Low
24563348#8-AddedOffRampEdge,28.59099550979056,77.23954218126946,28.59258043189537,77.23712107586653,28.59268133829462,77.23808129938104,2,25.09919455864525,Low
24563348#8-AddedOnRampEdge,28.59251526181767,77.23598513277659,28.592319561930022,77.23511473842377,28.592443674130884,77.23606931595863,3,18.97389090688235,Medium
24563435#2,28.610415175101746,77.22683674231035,28.61092839201197,77.22703465976781,28.60997126796668,77.22496300290635,3,24.65860725583964,Medium
24563448#0,28.610731132867556,77.22483335054771,28.61025415070234,77.2245716384817,28.61307590052705,77.22474410734591,1,0.8553052414557897,Low
24563449#10,28.616678870063026,77.22412004735708,28.616636543798737,77.22513514310216,28.616325056169863,77.2253232616577,1,13.291065281516898,Low
24576720,28.604475138894344,77.19606257974209,28.60443632983552,77.19849934971387,28.603080812074342,77.19536588105868,1,24.58527769214261,Low
24576721#0,28.59779145206915,77.1978778676896,28.59631022770793,77.19819376586142,28.59725668172535,77.19802413012158,1,17.474051295081512,Low
24576724#0,28.596580128055148,77.19257974937817,28.59609300530384,77.19342230304527,28.59700211851353,77.19095259572097,4,17.471079863614207,Medium
24576727#0,28.598624938397588,77.18601076802524,28.598801994775503,77.18753415055515,28.60042234306693,77.18844451451817,3,17.61793674278925,Medium
24576727#7,28.5988983009092,77.18794470459885,28.602274889541164,77.1903628987997,28.60300764162036,77.19091547718887,5,2.201806492315904,High
24577097#2,28.618887524500785,77.21927815170939,28.618373209137047,77.21872730947307,28.619289265767897,77.21877305926013,5,0.0009194708640954,High
24577106#0,28.616583173135773,77.21349319205166,28.61766538847489,77.21375588447307,28.61843239493432,77.21550171449653,1,15.552089610859014,Low
24577106#2,28.61942278878272,77.21568026052304,28.618525165304305,77.21571042122739,28.61954913089762,77.21801201857205,2,19.31570589708219,Low
24577372#3,28.606852966150562,77.23056391466129,28.606035164698827,77.23067755254543,28.608003334384343,77.23077415543486,1,16.36344217939047,Low
24577372#4,28.607705856053624,77.23326143923397,28.60813449422449,77.23078152858812,28.60939494578029,77.2305310863189,1,5.694932151670582,Low
24577381#9,28.60796624435041,77.22256218971111,28.60833046763916,77.2244797645888,28.60959998977721,77.2245117369599,2,16.873059843927706,Low
24577383#0,28.60766300428909,77.21712662134095,28.60776716657417,77.21793441026983,28.610029000241163,77.21819921587581,3,18.629416532235503,Medium
24577384#0,28.607551340868692,77.21888271834291,28.610039266413736,77.21831067544622,28.607777071109147,77.21823337520566,1,2.089532609261373,Low
24577385#0,28.6101417035561,77.22460323430973,28.60968004127736,77.22434563932644,28.60804783258009,77.22048772152776,1,23.36535594259029,Low
24577389#0,28.606466182947017,77.2187090833857,28.606755143127884,77.21886206104071,28.603873148466462,77.22375777106167,1,27.00161907491988,Low
24577390#0,28.60426547152844,77.22341474229692,28.603676211469697,77.22357991713208,28.60493948064452,77.22155577686097,1,18.56659619241677,Low
24577393#0,28.608039716624294,77.21875003158836,28.607566752695195,77.21703106717878,28.609659466201908,77.2134232134506,1,28.83382078305722,Low
24577393#1,28.608796427954378,77.21432804904137,28.609728024887414,77.21329704828862,28.6102508488752,77.2122611105177,1,7.131315847353792,Low
24577416#4,28.601004886765615,77.23298461058367,28.605146512068,77.23229973911178,28.6051987211882,77.23143598727245,1,12.26965560180392,Low
24577482,28.632522799524438,77.21942373985962,28.631627767226178,77.22172206107695,28.63127259159612,77.22235701619978,1,6.53557037724422,Low
24583321#0,28.6264571437183,77.20746515866021,28.626724826997144,77.20733586789216,28.626107669146588,77.20821600625332,1,15.044916581241058,Low
24583321#0-AddedOffRampEdge,28.627236190716644,77.20878455296182,28.62609209678525,77.20830229619949,28.62562385480556,77.20910772171771,2,21.332121388243216,Low
24583330#0,28.626625003576514,77.20868317281311,28.62797618579836,77.20879273187936,28.628260684490552,77.20941738890748,1,20.834291121439275,Low
24583330#2,28.62713008794238,77.20874069117875,28.62832026689376,77.2095482059754,28.62859935977304,77.21016109553447,1,22.988219970765595,Low
24583330#6,28.632101087663084,77.21002503103149,28.62880654611931,77.21061867476743,28.62929433182592,77.21173448821374,1,14.572018962469496,Low
24583330#7,28.629291253019034,77.21207738203222,28.629352271598705,77.21186629600494,28.631160750745444,77.21585541126395,1,25.36412004231293,Low
24583332#0,28.6309101214001,77.21637115046416,28.631366516208995,77.21667981378324,28.63117310552747,77.21627496452281,1,4.110148130419637,Low
24583332#11,28.62669220057931,77.21235710177591,28.628643559190564,77.21058764670619,28.62785657657708,77.20886262946313,14,1.217029985194303,High
24583332#14,28.626502422669006,77.20861566459129,28.627770398307057,77.208675113545,28.627163956500027,77.2073808510138,15,1.7598836773855489,High
24583332#3,28.630771569887283,77.21565133968664,28.63108292141047,77.21607375129103,28.63027793471832,77.21424580669003,3,18.68364920912387,Medium
24583332#4,28.63036594147029,77.21471203057447,28.630219267474818,77.21411449256341,28.62870485758919,77.21072381860121,6,25.18438325250837,High
24583333#1,28.626493626275117,77.231013189157,28.6260730721196,77.23170784770376,28.62610227586233,77.23178086661693,1,16.473564028452483,Low
24583333#2,28.62672368954536,77.23326970161156,28.62612131025289,77.2318577608145,28.626118078465584,77.23206487367064,1,15.524438242368667,Low
24583333#6,28.624439300888106,77.23156119815567,28.6259383891652,77.23236887648116,28.62582108651865,77.23243501065213,1,9.596456523167332,Low
24583334#1,28.62341286754814,77.2099417575405,28.62281610393257,77.21384689824606,28.622552112904312,77.21428761340933,1,15.75752317601787,Low
24583335#0,28.62122719324657,77.21816048636703,28.621732191228595,77.21544237633414,28.62269312181609,77.2139242832899,1,16.844485177384364,Low
24583335#4,28.62327814994544,77.21363311070459,28.6227864474693,77.21376784340528,28.62308396896441,77.21304191336999,4,6.191757628670555,Medium
24583337#5,28.621669931571443,77.21541245762458,28.62190325001275,77.21592872782604,28.621816815814952,77.21606086961589,1,9.74118793174748,Low
24583339#0,28.621328589653455,77.21602834978533,28.62150854916992,77.21616309305193,28.620344741281155,77.21838797235306,21,3.1781497823231453,High
24583487#12,28.62733839717987,77.21189728955498,28.6256501993218,77.21143063424768,28.624736451799432,77.21072898771902,1,15.174581807594478,Low
24583488#10,28.625207939145728,77.20790429278243,28.626733928332843,77.21122613074756,28.62675301102928,77.21082535453863,1,9.368565716538203,Low
24583489#7,28.628508748108672,77.21020515859747,28.626990083378352,77.21077847703587,28.62683491234084,77.2107716450428,1,13.583712616373436,Low
24583489#8,28.625477134123212,77.21089343377841,28.62670517524917,77.21076544850403,28.625795049773487,77.21135666839717,2,10.774272039864446,Low
24583770,28.621186450003485,77.2147488465717,28.621123949899925,77.21449395027581,28.62163102241363,77.21365524416844,1,15.386349273709634,Low
24583771#2,28.6220386271303,77.1986066417383,28.62356930916748,77.19996694379694,28.62369674635584,77.19981478001955,1,10.418833566483968,Low
24584375#0,28.62760464135934,77.20589188010099,28.62629653333816,77.2067475877194,28.62489552739216,77.20655567930721,2,14.08042374988588,Low
24584375#4,28.62342752770299,77.20683476997844,28.623565839850063,77.20648327683969,28.62182951786773,77.20637056959488,2,23.072715595007462,Low
24584377#0,28.6223469803093,77.20910634504187,28.620932075977564,77.20618409701893,28.621702406379068,77.20625297300198,1,23.47737640342733,Low
24584377#1,28.620285393253095,77.20425825873906,28.621834618016862,77.20626238501491,28.624205927023315,77.20641076836138,1,21.26596392707229,Low
24584378#9,28.621638708821166,77.2052765695976,28.621246827382453,77.20515102787705,28.62081497242463,77.20591731345715,2,0.0,Low
24584380#8,28.622686593343868,77.20226104127667,28.62295567511105,77.20199360524302,28.62340353223588,77.20120185200355,1,12.214388148758768,Low
24584392#2,28.620082646039947,77.2038110860053,28.62180687248644,77.2055281034004,28.62178556043038,77.20619979964837,1,0.0206102970275403,Low
24584394#0,28.622096717280183,77.205716096263,28.62283831607279,77.20442768342635,28.6225802360496,77.20289270190854,1,7.507409319596374,Low
24584423#1,28.614727056403833,77.20395036849767,28.617403608165816,77.20285649164153,28.61756759182737,77.19981611843761,1,22.65037989397708,Low
24584424#3,28.621114935674914,77.19942151132888,28.62054474017165,77.19882311010102,28.62246345085544,77.19892313103831,1,11.992323830526065,Low
24617971#1,28.604467423110364,77.19485641634962,28.602622987105388,77.1931087197974,28.602488314132884,77.19354125892647,1,18.701571681396988,Low
24617983#0,28.60468652981933,77.19891993856912,28.60508130412861,77.19905435873059,28.604949818078577,77.19926152220263,1,9.343122287450209,Low
24617983#1,28.605351814925424,77.19831927214983,28.60484974327176,77.19931781729035,28.6046910735302,77.1993485579278,1,10.41756418509176,Low
24617994#0,28.602294724027676,77.19974268716666,28.60452030293595,77.19938548758073,28.60149186034903,77.20461793725266,3,25.20503227980818,Medium
24618002#1,28.610308871243294,77.2044739155036,28.61052510723677,77.20552070770209,28.610800582406352,77.20522636877736,1,16.979468699821158,Low
27422249#2,28.605994226945253,77.20536671327775,28.60638443182225,77.20538214115754,28.60289249698067,77.20517147171168,1,33.76736509033584,Low
27422249#6,28.602041781892886,77.20432553482189,28.602762875554745,77.20516365213652,28.601596884421333,77.20512283680682,2,9.27424196358164,Low
27422252#10,28.601483995339528,77.20525527164169,28.6011665165547,77.2054486773039,28.60090902880449,77.20531406997385,1,13.090860528848134,Low
278577243#0,28.626838131854253,77.19595618227662,28.626872628663,77.19555855809283,28.626593292214565,77.1959642493673,1,19.39461003861367,Low
278577243#3,28.624122913027612,77.19634482421209,28.6252909060709,77.19821920513508,28.624234801644743,77.20000229904042,3,15.729826987357384,Medium
28103660#0-AddedOnRampEdge,28.61239983729499,77.24173216643702,28.612859351457075,77.24166235209049,28.612822489218264,77.24261421297679,1,15.152346721303669,Low
28103660#1,28.613939420616088,77.24280229019192,28.612750368384475,77.24297034316696,28.61274080332212,77.24311758120592,1,27.697296068429523,Low
28103660#4-AddedOnRampEdge,28.61168452422042,77.24228170167316,28.61266483761718,77.24342792423496,28.612567388114943,77.24436540580545,1,28.04927612355861,Low
28103851#0-AddedOnRampEdge,28.62973439327132,77.25128671764068,28.62949686450809,77.25188982986874,28.63033016390649,77.25203842188861,1,15.854756008805907,Low
28121215,28.596932103364153,77.21565254888868,28.60028416261032,77.21727970985043,28.59907708977296,77.21444257543968,1,21.39134854387025,Low
28121435#2,28.610971356689333,77.19497448836617,28.611348136014463,77.19680684541818,28.611305140097738,77.19756105298843,1,10.883278789520295,Low
28121481#0-AddedOnRampEdge,28.597068357289633,77.22401286527426,28.5970801849251,77.22295835936845,28.597016285636688,77.22199632748053,1,24.86739051599428,Low
28121513#3,28.596457082991073,77.2212154569489,28.598544397703986,77.22176451436937,28.599378580552727,77.22262162677124,1,11.668734588909189,Low
28121513#4,28.59849212429811,77.22201603081822,28.59947512276583,77.22272078301154,28.60067482344536,77.22381922013778,1,11.956706465996524,Low
28121520,28.60117195509957,77.22385555331762,28.60095394968315,77.22420654615709,28.599915088355512,77.22568385020708,1,13.678141536223182,Low
28121614#0,28.6017236438297,77.23373785748755,28.60189930021108,77.23237154806684,28.59966028077896,77.23237276721935,1,19.79723833008853,Low
28121614#1,28.598878094092246,77.22913107672574,28.599532367326724,77.2323709827894,28.59412197867064,77.23301044903089,1,20.11886647831569,Low
28211393#6,28.595085846883226,77.20061214263835,28.596339646773515,77.20196301262098,28.59630546909489,77.20637918900565,24,2.5190958347960914,High
28211393#7,28.598781530642647,77.20615896889325,28.596286015546173,77.2065876450288,28.596266897091205,77.20666463606281,1,0.0001802785797062,Low
28211393#8,28.595850201205767,77.2059431391593,28.59623112030805,77.20668965119637,28.59611454953997,77.20720482112367,7,0.0,High
28211431#0,28.601149682075786,77.18778975554764,28.598580238383462,77.18721374874754,28.59999255939028,77.18376856253471,1,25.59094891107013,Low
28211431#4-AddedOffRampEdge,28.598376079832253,77.1858180483153,28.600208525044103,77.18317187058965,28.60056578177709,77.18229530582838,1,17.026440123390906,Low
28211431#9,28.600656668746574,77.1814686878775,28.60107008413772,77.18142576046135,28.6018678643838,77.18070969773173,1,0.0,Low
28616711#1,28.609603762495002,77.22853549244081,28.611086052211725,77.22699974656416,28.611561682214685,77.22751887294322,4,0.0,Medium
293530132#0,28.62445808929627,77.24130028420586,28.624567277870977,77.24080837760626,28.61994567390732,77.24042582937116,1,25.48033305077664,Low
296963058#9,28.610237430840932,77.2307912657932,28.610092746871423,77.22894190534127,28.610316233922624,77.22890940793643,1,0.0,Low
296963059#2,28.608676081865113,77.2289925416021,28.60860931823048,77.22812953143735,28.607120796015423,77.22703375892165,1,27.36573648301489,Low
296963059#4,28.606478761225265,77.22685903896362,28.60701241359394,77.22695254061205,28.60453179809481,77.22506161527726,2,28.051026402340558,Low
309159544#8,28.58934537418767,77.18963352749317,28.58984425030113,77.18739236168037,28.588808930394645,77.18638719442718,1,10.684066246113485,Low
309159558#0,28.588282534999635,77.18553614636679,28.588335234673867,77.18560875039597,28.588749066764223,77.18468244955234,1,17.874355142730295,Low
311742565#0,28.600797876101144,77.22007089558412,28.60023004463561,77.21796795496608,28.59926732302319,77.21847444924877,1,16.757836681405443,Low
311742565#4,28.598646094932473,77.22010989327968,28.598505743074195,77.21890777009209,28.59828724340423,77.21905458794589,4,0.5873489040381635,Medium
311783751,28.60395823197765,77.22434102248185,28.602920795758266,77.2237960880846,28.60177252343713,77.22476575468411,1,9.565316842127862,Low
338959810,28.588601383719,77.25244369577634,28.587815387643253,77.25081819243405,28.588178842990818,77.25100176176304,1,2.4130204532898203,Low
359757126,28.60941164328576,77.20928687963415,28.60947201581084,77.20857017019716,28.61209442265729,77.20884079603994,1,0.0,Low
370533501#13,28.595486053367278,77.20041308149109,28.59609246627064,77.20046535525144,28.596056126045543,77.19887916454964,1,26.83457605499853,Low
370533501#3,28.59690436500677,77.20923793381606,28.59630059266205,77.20596361116004,28.5962476192108,77.20199043459981,4,24.788391627843524,Medium
370533502#0,28.600838400782393,77.20502688985327,28.600849688993947,77.20529555230253,28.59945263161425,77.20585862675429,1,22.712973405648885,Low
370533502#3,28.59935470890532,77.20741367214524,28.59933262575084,77.2059141897549,28.597668724234545,77.20664577856114,1,17.810244091775523,Low
370533502#6,28.597052014048955,77.20439369712571,28.597549062275046,77.2067023693843,28.59713611942282,77.20689432280997,1,25.806207529359103,Low
370533502#6-AddedOffRampEdge,28.596951103643246,77.20835301321839,28.59708052982527,77.20695583042775,28.59629549528742,77.20732443348817,1,7.097364784118,Low
370533502#7,28.59724582119451,77.20800016120577,28.59625434241643,77.20730834051845,28.59618560538031,77.20734053839763,1,2.6013578760481857,Low
370545701#0,28.62352609644919,77.21820882857048,28.620055380513524,77.21820058775367,28.62136878015937,77.21608622468209,2,19.44594468231847,Low
370546887#1,28.593603945955454,77.20930103585994,28.595947427605203,77.2074664177981,28.595738546729155,77.20758289032152,1,12.435652639167287,Low
370546887#2,28.595163684496548,77.20723760548354,28.594856634277548,77.20799403218201,28.59159123392657,77.21111284150734,5,25.60486854539431,High
370546887#2-AddedOnRampEdge,28.595407949293392,77.20643950581459,28.59572085395373,77.2076277072778,28.594934332884765,77.20799330540105,2,14.395991437303245,Low
370546887#6,28.587985943683922,77.21296023565539,28.59164718435778,77.21219088825737,28.5916722045569,77.21258182308907,3,0.0001098019668275,Medium
370547061#2,28.603013268000623,77.24204185420922,28.60275828142252,77.24161549707787,28.602812605778183,77.24271683602623,1,11.75967272127664,Low
370737783#1,28.608435558679346,77.19871624131868,28.607710478653846,77.2015220036248,28.60780038063262,77.20246953884565,1,6.300497930779266,Low
370905889,28.606749427501736,77.21776686531092,28.606993037302693,77.22242726852923,28.60828143686006,77.22441605550637,1,12.272668796950711,Low
370947969,28.601213275231117,77.22974676612459,28.60143762833393,77.22992536877983,28.60158684905733,77.23015119387674,7,0.0,High
37222895#0,28.602172081309718,77.21157942085348,28.60383024012653,77.21115311200711,28.6018884416394,77.20674000381872,1,18.31036011078736,Low
37222895#4,28.600938354258638,77.20716350398645,28.601829671191563,77.20660893234347,28.601332322980344,77.20551174581378,2,3.633557261341192,Low
37222896#2,28.60386811995913,77.21772691566603,28.60469055665557,77.2130500187224,28.604176722692976,77.21201540845725,2,5.099406215038935,Low
37222897#0,28.59935431377902,77.2086293419976,28.59782557298755,77.21106273007624,28.60368527406109,77.21143328097709,1,2.682503892539535,Low
37222899#0,28.60458078672396,77.2121415190358,28.6039687123509,77.21201196987475,28.601594070761788,77.21601769241859,2,26.90541103784728,Low
37222899#3,28.598579505383427,77.2158390281795,28.601453922845213,77.21625092019178,28.60090784107173,77.21728943416142,2,24.526240100583337,Low
37222900#0,28.59931917687578,77.21035938832301,28.59779880750653,77.21131520004856,28.59840464922957,77.2126614423869,2,21.101307287816255,Low
37222901#0,28.60070302072611,77.21854489902606,28.600850745547216,77.21709521111761,28.60136612963327,77.21618476963658,1,24.2888792108199,Low
37222901#4,28.603444717046816,77.21753045489551,28.60150088567291,77.21594468107891,28.603809292750093,77.21191160328398,3,17.201722424621646,Medium
37222902#0,28.60023523410621,77.21706820702849,28.601014155407,77.21759674337144,28.60214345357154,77.21772341883637,1,14.441127636796235,Low
37222903#0,28.603094831432976,77.2173369488328,28.60088158396601,77.21805055036711,28.60133466273724,77.21926616697768,1,19.75479389183764,Low
37222903#12,28.606200240301145,77.2215749807515,28.60273309466356,77.22238389607978,28.60326540821996,77.22352464299475,3,1.5440333363557326,Medium
37222913#1,28.593201303925202,77.21156438527237,28.5909743528864,77.21271604777048,28.591483907426102,77.21265863885426,1,27.21098577986132,Low
37222915#1,28.5982008718845,77.20833882119626,28.59767828992362,77.21094841493858,28.59777318893344,77.21103270079084,1,10.644955071398549,Low
37222919#2,28.60670776128311,77.21786262666856,28.60515496815721,77.21801744524035,28.6022714814734,77.21782855140869,3,24.115149583420436,Medium
37222919#7,28.60305764875764,77.21729973686504,28.60213171125718,77.21781242635741,28.60099174408912,77.21782497763292,2,9.704198816978671,Low
37222924#2,28.602285725346444,77.21139319792314,28.60196221023664,77.20666476448929,28.60399470441391,77.21107149278224,1,15.04840152553743,Low
38699583,28.627094388811685,77.24062593602869,28.62684516007147,77.24107510398723,28.627330441984967,77.24052716780596,1,9.797159288668109,Low
39013511#5,28.589361802487467,77.24544162940605,28.58978339956051,77.24619507589192,28.588959546758414,77.2466789679791,3,0.3674921384382154,Medium
395885020,28.60056980524956,77.25243464909536,28.60103429454164,77.25481899818466,28.59576596419272,77.25653131488664,2,26.70630522993826,Low
422146755#1,28.600765372894074,77.25897571089041,28.59811290570477,77.25987552105447,28.599580388217863,77.26138288843197,1,8.092339804819606,Low
43540281#1,28.60924743553326,77.23575755155888,28.610253599155808,77.23581755002895,28.60949173328799,77.23770817488978,1,23.37143502937695,Low
435426352#0,28.6150353418525,77.23730693014329,28.61382182345699,77.24026450365534,28.6128100306426,77.24148032549728,1,22.0040741442088,Low
44188368#1,28.622689901402484,77.19872586104843,28.62276281350952,77.19737247476544,28.621848568299768,77.19531051109897,3,24.52051685977265,Medium
44188368#2,28.62121297140897,77.1940486250511,28.621786801480475,77.1951799710246,28.61899802949416,77.19166191211511,1,29.94893075178728,Low
44188368#3,28.61832264618715,77.19030350872363,28.618888557040144,77.19157977618016,28.61069641481676,77.19103254236695,3,27.11861013734676,Medium
44188368#5,28.60950194974001,77.19073540360827,28.610580012272223,77.19109996087461,28.60997765394041,77.19147323327616,1,7.347652129649,Low
44277692#1,28.626799112904664,77.20396925173215,28.6278028756384,77.20524709285213,28.627470535249305,77.20615775401474,4,1.8538816019056652,Medium
44351575#0,28.59580972581692,77.18996205412147,28.597262603491245,77.1902382676786,28.598320801264062,77.18779142606611,2,14.946474790717335,Low
44351579#7,28.597315948622267,77.18643993784906,28.59674157897182,77.18656859559016,28.598365404365147,77.18729752821457,1,22.133958098840804,Low
44351581#10,28.591841755882555,77.19008163591536,28.59422567659938,77.19280560209371,28.595750459472345,77.19358070353691,1,18.88960276989585,Low
44351589#6,28.59642874325919,77.19337846108421,28.5958730796243,77.19355288737651,28.595949624625604,77.19351194830803,1,12.362561541734957,Low
44351932#0,28.603990540057186,77.18906961757303,28.604018019983684,77.18965393128993,28.603715510831982,77.18930024140452,1,11.658989782006138,Low
44351933#3,28.59215141072465,77.18091842941824,28.592326473403325,77.18154488098605,28.59323661479298,77.18201043112953,1,12.984933534164067,Low
446922581#2,28.62479813469166,77.24081904082507,28.62525691870477,77.23950213627104,28.62563888244896,77.23250283868774,7,0.0,High
446922582#0,28.62535557227475,77.24003270530136,28.624948733774144,77.24026427922176,28.62084593278089,77.23715670815298,3,0.2329049819775121,Medium
446922582#6,28.6201553981451,77.23738048022061,28.620640025362096,77.2370096946341,28.61969625926473,77.23632032149548,1,9.558544007131047,Low
446922582#8,28.61977764650527,77.23644562939373,28.61958704997367,77.23624039506878,28.61837477970388,77.23535310977367,1,5.699068456570798,Low
446922589,28.623813707843446,77.23213744040851,28.62588734375552,77.23150215661327,28.625997983951383,77.23159397608377,1,17.109605717729764,Low
447141132#0,28.621756231596535,77.21654802327289,28.61976676405892,77.21824329493495,28.619973440390392,77.21823997161509,1,15.696716945323054,Low
447141132#4,28.61990109270104,77.2184285844114,28.62037251545957,77.21858182055612,28.62042272433843,77.21879413780493,1,7.718317038805949,Low
447141133#0,28.619843004653788,77.21923944542316,28.61935744554325,77.21869790409633,28.61949684106764,77.21841176002457,1,13.29434740781784,Low
447141139,28.62260854833156,77.2047251819134,28.620405037988142,77.20583031045398,28.62066447061156,77.20585086926204,1,7.320916234674769,Low
447141140#2,28.61902746881345,77.20698177090496,28.620813999785245,77.20599367913833,28.62085773143737,77.2060952146346,1,14.225937229380486,Low
447141141,28.624699658809217,77.20009251064029,28.624168526004663,77.20033305886088,28.62405204485417,77.20046060191557,1,9.717603513552511,Low
447141143#2,28.624608971623445,77.19957082026194,28.62458931223939,77.19909067425515,28.62415400720754,77.19979916059269,1,15.313900607273496,Low
447141145,28.617146233386105,77.21161153338406,28.61731153890741,77.21252796336077,28.61722392697672,77.2126385024631,1,9.684334127695784,Low
447141147#0,28.62401397398637,77.21549601182925,28.623573240512485,77.21316558456417,28.62331954113892,77.21318081547507,2,12.07702062571684,Low
447141147#2,28.62466724651993,77.21132328442187,28.623045682635173,77.21287800705102,28.623029373620803,77.21265013873348,1,10.803819586357184,Low
447141148,28.62483397545785,77.21418812453122,28.623765860448582,77.2125037112835,28.62380407354464,77.2128875777144,1,11.680799459363673,Low
447141149#1,28.626701977661288,77.20577760930176,28.62750598270611,77.20628039369738,28.6273765322507,77.20717606951095,2,20.008541686260056,Low
447141151#0,28.624467914114227,77.20099870740957,28.624232984867177,77.20032530235703,28.626182092086296,77.20478779094472,2,25.057718004241156,Low
447141151#7,28.62653042485833,77.20625045432794,28.62624104122673,77.20491899875807,28.626798432942348,77.20589130959182,8,4.46194378435992,High
447602098#1,28.625364492123815,77.23482650998079,28.625694815036542,77.23449544866398,28.625670604508706,77.23455741700788,1,7.4724123176824,Low
44831985#1,28.609693140709705,77.23545989970992,28.610067944025342,77.23285483501643,28.60859668530282,77.23363286853548,1,15.626881387948115,Low
44831985#3,28.60759908256694,77.23342814143932,28.60848099923508,77.23369943494984,28.606609299559377,77.2347569852528,7,6.997293760418578,High
44831985#4,28.606522879920536,77.23518064616235,28.606522423398275,77.23480544899252,28.60626236634439,77.23494901150397,2,1.1725606051352675,Low
44831985#4-AddedOffRampEdge,28.605972064872766,77.23296561657104,28.60621021988551,77.23501436452155,28.605454225422257,77.23545619243254,11,0.2475704194789642,High
44831985#5,28.60560622352018,77.23392372546363,28.605415396440826,77.23544166982013,28.604968682106502,77.23568770864524,14,0.0,High
45323261#0,28.59386317187362,77.2221661492067,28.59402271469651,77.2235802708432,28.594529239061945,77.22863101611212,1,14.801029720956713,Low
48964552#0,28.626821260315822,77.20574365279096,28.626543346329303,77.2060416178935,28.62468212470003,77.20168707371514,2,25.2596866740515,Low
48964552#5,28.625191767276817,77.20077272855174,28.6246235363232,77.2015556725693,28.624040580122195,77.20053317213521,1,3.1754869861254083,Low
523568281,28.59593409902373,77.25630750018993,28.59576333493431,77.25653207654801,28.5951000743356,77.25674904584581,1,27.75536420707701,Low
523568284#3,28.629013954115344,77.22620550238247,28.628768261368165,77.2267947554434,28.627555516991794,77.22890132649736,2,14.74068143362733,Low
537797266#0,28.611860517166,77.21779322461704,28.61042646726561,77.21824805967573,28.612268494509184,77.21836244308513,3,14.562529415757751,Medium
537797266#4,28.612863998874012,77.21735918498018,28.61239835119861,77.21837233031104,28.61335891879785,77.21844395533421,1,9.376823727588407,Low
537797267#3,28.61128404075356,77.22406705997939,28.61314821082421,77.2249066738951,28.613037386269284,77.22761035013097,2,6.488233666173005,Low
553090002#0,28.604578542080944,77.19868732830915,28.60487061048716,77.19844868517642,28.60819670033586,77.1930081733435,2,20.640761025123737,Low
553090004#0,28.611710023324427,77.19118223603652,28.61011155277211,77.19122775744276,28.62311019455244,77.19783967508262,9,22.70289940572465,High
554665390,28.627432616567038,77.20574634286288,28.627097468998528,77.20733589530671,28.62678562264507,77.20732036923734,1,9.82597765033562,Low
554798487#1,28.610346898238525,77.19115957874125,28.609917420283125,77.19135920407567,28.60999514710307,77.1913065247641,2,0.0,Low
555197211#0,28.594360206735768,77.25742062356636,28.59439155181517,77.25679064185502,28.598228280853345,77.2555051709232,3,24.286061699089288,Medium
555197213#1,28.597498635837514,77.2550288997309,28.599045170171674,77.25525180342434,28.60060149116408,77.25476385082774,2,26.963130353531,Low
561759718#0,28.595397147952617,77.23794121685937,28.59256946163867,77.23892251744245,28.59210674259976,77.23459306251836,6,10.491780961635955,High
561759719#0,28.590818678200513,77.24502813184132,28.59286993845328,77.24334792350993,28.59294346448284,77.24187575749117,3,16.47171055319889,Medium
561759719#2,28.593374270668292,77.24114862200838,28.59285774939053,77.2408824228797,28.592731303705648,77.24013122285884,2,5.623744650836366,Low
562202340#0,28.612413601524505,77.23450599196745,28.614702797604465,77.23433543131736,28.614587750290536,77.23468606415972,1,17.957021497414274,Low
562202340#2,28.612843934353666,77.23493557412323,28.61456911861534,77.23472708077736,28.615389644941843,77.236876283229,1,33.657148664981904,Low
562202340#6-AddedOffRampEdge,28.61708734843864,77.23950009193204,28.61642545841849,77.23891382660925,28.616818452599897,77.23976768730627,1,17.895301554560174,Low
562340233#0,28.597963356702664,77.22188737620232,28.597268088892367,77.22037876954961,28.597275096109307,77.22041919696115,1,9.26763104829984,Low
562340247#0-AddedOnRampEdge,28.63054794090305,77.22244772091874,28.63097527701701,77.22228090203649,28.630365686606662,77.22155004714656,2,27.976555344853253,Low
562479736#4,28.601555724595194,77.24038747797533,28.598867756814336,77.24056289354199,28.605139613813595,77.24014973626414,1,27.69761861919755,Low
562499724#4,28.625463287024356,77.22585248467198,28.625137593333427,77.22515841898517,28.626522661826748,77.2282115236619,1,14.83695510767811,Low
563679820#1,28.627757225339924,77.22311431206357,28.626646626532462,77.22368168780025,28.62694409307261,77.22428711490556,1,14.214614384177512,Low
563679821#5,28.629507455694974,77.22085442513905,28.629049208771217,77.21941218671347,28.62984639695586,77.21946567832283,1,1.9231063380394755,Low
563679834#3,28.607358005089424,77.21897354181725,28.60721790698173,77.21893466894046,28.60683818325304,77.21884918594472,1,18.80813904493971,Low
563679836#0,28.628587782535885,77.22302354461914,28.62634462700944,77.22345126468726,28.62610478909577,77.22358947675323,1,9.261767930792264,Low
563679836#1-AddedOnRampEdge,28.628294923623766,77.22197030191319,28.62609033592686,77.22363447388076,28.62533210862526,77.22407140069647,1,14.047061691897634,Low
563679836#14,28.623919073426325,77.23030636519447,28.623389534935605,77.22513023278258,28.622933243694742,77.22538903533132,7,1.1076060813814286,High
563791811#2,28.62577220944624,77.21911090855161,28.62642613646004,77.21963615918871,28.626329214770777,77.22156380068498,1,23.442209322718,Low
563791816#0,28.59612563021672,77.22129677872448,28.59718039982664,77.22063138500086,28.597315249603795,77.2231166584203,4,16.782137202526798,Medium
563974730#1,28.62546194872259,77.21750526693845,28.626326331485224,77.21889889779939,28.626013287015088,77.21735306930319,1,27.15393617267035,Low
563974730#3,28.62572954908343,77.2184453008208,28.6259583276142,77.21721038373092,28.62605716136902,77.21595096057199,1,21.372561028965634,Low
563974730#5,28.627503645234647,77.21581225209428,28.62670652201652,77.21569227973751,28.62688670622936,77.21542200151968,1,3.683260583904656,Low
563974735#0,28.63007724635358,77.22733989175417,28.62846402526932,77.22622864184304,28.62804846590896,77.22588096852849,1,16.308177016302945,Low
564223496#0,28.629054932188147,77.21573708065944,28.63044983967793,77.2176862712469,28.631334437154244,77.21677097504895,2,8.211610732151614,Low
565938874#0,28.589093829627476,77.21497374965818,28.58970022288356,77.21487209771891,28.589774118128364,77.21569503784858,1,22.20274692060392,Low
565938874#1,28.592155669389708,77.21627687508744,28.58978868039344,77.2158419362376,28.5902046693037,77.21960177734401,2,25.23088065952396,Low
570153610#0,28.58998606432219,77.24498196839149,28.58949720278231,77.24537773081074,28.58977340962313,77.24593756206937,1,0.0001872065911309,Low
570413594,28.6091212082269,77.21154941715609,28.61091550653065,77.21183875457633,28.613662514019893,77.21209796933033,1,16.608832906233147,Low
570427350#0,28.60395391787181,77.21349826461969,28.60444887109772,77.21151655215749,28.604393173891445,77.21176700015813,1,14.951132498624348,Low
570427350#1,28.601500951298366,77.20997170852895,28.604326062584366,77.21185986006242,28.604199454128192,77.21194390733135,1,14.86520752688463,Low
570427350#4,28.599664621895943,77.21499174892001,28.60380449027232,77.21182991487903,28.603733187602604,77.21169857578582,1,10.572705322244335,Low
570526051,28.626237869657846,77.2059049741594,28.62634602427377,77.20670045767302,28.626358099969327,77.20649086786095,1,21.78543500556204,Low
570859657#0,28.609207060080667,77.19200749085192,28.609637854728867,77.19119962019316,28.6090164530184,77.190311798434,1,14.739384335557007,Low
570859662#1,28.607272526500083,77.1881860089255,28.606193718225445,77.1874351871786,28.60978159352076,77.19117704277289,4,21.064734759709516,Medium
570859666#0,28.624649257473617,77.23090827012788,28.62529621384166,77.23220076845018,28.625243237199584,77.23201537403189,2,9.453839575094433,Low
570859682#0,28.601272194251496,77.23783398152817,28.60123158003268,77.23798219902561,28.603574840916767,77.23641005545583,1,31.780052677326943,Low
570859682#0-AddedOffRampEdge,28.603456805997986,77.23587974035541,28.603623080022423,77.23634094131545,28.604361673198586,77.23586021359027,1,0.0042600711287398,Low
570859682#2,28.60306480416952,77.23579182893481,28.604400719623733,77.2358724915074,28.60472331865149,77.23566247283706,12,0.0,High
572511731,28.62412998673851,77.21229954401534,28.623780200082027,77.2129516027048,28.623646859542124,77.21312182829749,1,12.320401193351408,Low
578543603#5,28.628139781945023,77.22669761520383,28.62911618367221,77.22619608383,28.628981328776533,77.22643550086887,1,0.0,Low
579781482#0,28.617263988185066,77.22677050478457,28.620003511874383,77.22691812010152,28.62109308020557,77.2263538619556,2,16.289783903563958,Low
579781482#1,28.623887809130437,77.22509374731469,28.6212093796098,77.22628821356417,28.62202499175439,77.22582420364253,4,5.38400562566259,Medium
579781482#2,28.623446231193167,77.22497182630396,28.62213929200356,77.22575391037023,28.622697810765143,77.22540728083072,9,0.0,High
581245363#0,28.618352586268745,77.20102502170249,28.617568806813527,77.20083592405592,28.61748069952508,77.20286536128168,1,23.853232492474685,Low
581546746,28.626863242785724,77.24221504718189,28.625683663449603,77.24042070270983,28.62654136743888,77.24110771220147,1,2.478158572339453,Low
581989172#0,28.603252652117845,77.22464660874842,28.603753524724954,77.22440549632664,28.603179164509573,77.22390325877652,2,12.18818809355064,Low
581989173#1,28.614907759067258,77.23474121223136,28.61464311212052,77.23429439220057,28.614147368198623,77.23465761687147,1,19.849661345779904,Low
581989173#2,28.614178445863775,77.23520380490999,28.613959670629946,77.23470834520134,28.61126810819706,77.23452701415123,6,26.409876843600767,High
581989173#4,28.607353386025387,77.23329882965224,28.611192114865307,77.23447908732165,28.61077454847649,77.2341996001628,1,24.17525865072286,Low
581989173#5,28.610373029468708,77.23459801139217,28.61064082339543,77.2340304146778,28.610199724760847,77.23299974473183,3,13.575967951968138,Medium
582090037,28.62671012840928,77.23596510765205,28.627618054454555,77.23453650458447,28.62570657284989,77.23530867047019,1,10.041919406860114,Low
582461171#0,28.6159049117649,77.2343201533285,28.61547599157032,77.23290464842957,28.61536474418227,77.23311252168187,3,7.621952110146698,Medium
582461172#0,28.609356746445602,77.22838103428089,28.610108150151262,77.22938229653383,28.610170368959785,77.22927492354617,1,17.73012843410834,Low
582461174#0,28.603541183696596,77.22385911280793,28.603874309629493,77.22385747946439,28.60398872263137,77.2240881917869,1,10.216978023114136,Low
582776168,28.601493610803814,77.1902330631206,28.60186555845201,77.19275467596424,28.60216687612475,77.19263487312121,1,18.21092235964384,Low
582776170#0,28.615147199110964,77.23899255700074,28.61289913963088,77.24003101164737,28.614829301267005,77.24011166003241,1,13.488649700459485,Low
582776170#2-AddedOffRampEdge,28.615506186520275,77.24002817509789,28.61524268365328,77.2400976345787,28.61609286629956,77.24013756665876,2,24.46510379488741,Low
585446279#0,28.61976570870167,77.2406865212048,28.61961464301788,77.24049600123594,28.61746687719216,77.2404685897929,1,16.264007515925528,Low
585446279#1,28.617626319810718,77.24002943303428,28.61738152856005,77.24046820885516,28.61475128111776,77.2402465072209,1,27.81131440634694,Low
585446280#1,28.611983933656784,77.23959894299443,28.61238944669937,77.24018378818997,28.60750740950281,77.24021767721017,2,27.11956543635336,Low
585446280#11,28.606112964018823,77.24045173030451,28.605132586052505,77.24037840144284,28.59883056775391,77.24073304029972,5,20.64336877821426,High
585446280#6,28.605545462811904,77.23865683209173,28.60705403186598,77.24023862487768,28.60571907713245,77.24034484104712,4,18.58656664747172,Medium
585446284#0,28.59151122338217,77.2290976569162,28.591162513207703,77.22929284031235,28.591128698449253,77.22904463411132,2,0.0,Low
585446285#0,28.592849126252805,77.231400839231,28.59191103718487,77.2330379192282,28.59116599095741,77.22942703607067,2,23.620907648580427,Low
590609985,28.609315160080726,77.205890848269,28.608811317712004,77.20836258945481,28.6090125383245,77.20825668139842,1,14.959128105972692,Low
590610030#0,28.626158674261482,77.19327799792123,28.62710031838752,77.195160584321,28.629348481389936,77.19690100412863,1,16.100957020923673,Low
596373338#12,28.621008013635947,77.2185771817606,28.62121948072334,77.21905038219009,28.62045483679668,77.21900402945643,1,18.13748071020492,Low
596373338#6,28.623620569077673,77.22006914954603,28.624272115512948,77.21923486071861,28.621349287095025,77.21905781665865,1,28.12931588718704,Low
611866595#0,28.622872383101623,77.20362616785532,28.620737147260595,77.2066295419395,28.62145038808091,77.20830839766013,2,14.986256914292564,Low
611866596#0,28.62309854503499,77.21264783907482,28.62085098093985,77.20972090280848,28.620491596729387,77.21049563761748,6,0.551705716917216,High
611866596#0-AddedOnRampEdge,28.622248268727336,77.20936881820313,28.62166888807928,77.20924576733475,28.62092162445377,77.20968802424746,1,14.52270837000106,Low
611866601#1,28.58873998209554,77.22074640438768,28.591414855997904,77.22356911865776,28.59212855403025,77.22352546519348,1,13.49276198151056,Low
615556516,28.631507859356578,77.21642021406494,28.631323845547023,77.21607830338975,28.63149421108061,77.21598360531308,1,5.532209910933011,Low
656933872#0,28.618175806908617,77.23134139304632,28.616156932209023,77.23178774814112,28.61557797204912,77.23269514712236,4,24.35320320133745,Medium
656933873,28.615785435048135,77.23190869511181,28.616184968592712,77.23103311085323,28.61618400492976,77.23162860381753,2,23.97908936084211,Low
656933877#0,28.62487689774528,77.23093890169869,28.62510209308028,77.23195685973032,28.62286481651148,77.23181431469845,2,10.043667747261177,Low
656933877#13,28.622494708971537,77.23129115411336,28.620837002808788,77.23168541347353,28.61769865843836,77.231485891211,2,21.75303196949407,Low
656933877#7,28.622894609657326,77.23003318667458,28.62247986052873,77.23178970609042,28.621824423304,77.23174741098252,1,20.940233243877604,Low
664985708#3,28.591697702801305,77.2150860158238,28.592930150447348,77.21402548953978,28.595838206967443,77.21679183566152,1,25.35195312370364,Low
664985709#1,28.603813502408737,77.22319270002185,28.602933028074187,77.2237599486667,28.60082980577217,77.22173562244681,1,22.406649554227585,Low
664985709#4,28.60016892956785,77.22068791027522,28.600340334775744,77.22126116807328,28.59986374996239,77.2207876026506,1,19.083383656301763,Low
664985709#6,28.59796021554173,77.21851058906806,28.59826163336921,77.21926864029496,28.59821127631115,77.21921963384605,1,0.0227542891020749,Low
664985710#3,28.599325448392083,77.21962555218298,28.59916712871061,77.21993748164775,28.59975740205585,77.22054337296997,1,25.354681394991395,Low
664985710#3-AddedOnRampEdge,28.598058717448055,77.21961088339057,28.598462029850783,77.2192631399755,28.599131506755604,77.2198592381864,1,12.295217642490758,Low
665150699#0,28.623130813698882,77.19887696452463,28.623397728499548,77.19792461096493,28.62494285211997,77.19803831125122,1,20.15424804039899,Low
677663227#0-AddedOnRampEdge,28.609176915165577,77.23614366150763,28.609257287168603,77.23942551435601,28.60929539164384,77.23846256503313,1,12.205314459315511,Low
678397107#0,28.594163354679164,77.2385529851385,28.5926906991656,77.23973269280317,28.592603832244592,77.23906493468944,1,17.084905001892174,Low
678397110,28.59278174187574,77.24072436494824,28.59509961664229,77.24053937043365,28.592881236980816,77.24007265700938,1,14.546506295675544,Low
678397111#0,28.591241943204516,77.23838347558318,28.59283502542869,77.24017186087379,28.59321902923072,77.24320608471506,1,16.042973693814098,Low
678397112,28.59261312526852,77.24391460420082,28.59284286383236,77.2398448955375,28.592854900741827,77.24000104949855,1,10.210546779793964,Low
679419699#1,28.611598281242955,77.2498499048041,28.612319363433173,77.24946370037948,28.612308013512955,77.24921796301253,1,12.8997545348914,Low
679512997,28.597504009619854,77.25700114855884,28.59921086399273,77.25508144225012,28.600490774914665,77.2546938064026,1,15.82900346840481,Low
679552300#0,28.615447137875787,77.25075883833014,28.615145997764778,77.25032743950214,28.612816751694297,77.25105770986018,1,28.34279062226248,Low
679552303#2,28.61131439380361,77.25175397661813,28.611443757787185,77.25151460240272,28.60147460689369,77.25471563555826,10,23.15601695002109,High
680551206#0,28.61042685385698,77.23338069296254,28.610163763128185,77.23283856032235,28.61002441198855,77.23254523460992,2,11.585617953756984,Low
680551207,28.613173284778615,77.22840185752261,28.61101899169273,77.22799462359079,28.61154815384169,77.22761183687358,9,1.6567463290733335e-05,High
680551211,28.61041917362773,77.22911093213199,28.61041172569707,77.22885815453043,28.61088207050117,77.22810716929426,3,11.224797485678204,Medium
680551212#0,28.608797777638337,77.23274492961747,28.6099344220462,77.23248699366405,28.60944559454452,77.23131300243045,1,20.096196613937416,Low
680551212#3,28.60968147005444,77.23004583691973,28.60947507387312,77.23044300859155,28.609995422354103,77.22957080788375,5,10.66918258681348,High
680551214,28.593122468174023,77.24115623915037,28.592915193035843,77.24336667256625,28.59319303327868,77.243261247263,1,14.0997254392365,Low
683766459,28.605101308390232,77.21232695661581,28.60371326030929,77.21162035346143,28.603715105022022,77.21145752339362,1,12.183052234663014,Low
686611376#0,28.58977729361665,77.22922841212389,28.59004802746941,77.2289575272487,28.58910223094277,77.22778436356002,1,13.24690935293071,Low
691886473,28.6248055108313,77.25877952066932,28.62792401839696,77.25928200397436,28.628036840835826,77.25056902132592,1,27.019536467459595,Low
696811929#0,28.590722295612867,77.25750226100894,28.590318853233107,77.2562614899111,28.59010763049982,77.25537221725988,1,6.173002141095072,Low
697739811#0,28.60867528825822,77.24051504443997,28.60890664532954,77.2399234673498,28.609249757729657,77.23946073120828,1,9.959639520621746,Low
700261790#1,28.608516885305626,77.2020653135785,28.60823042106395,77.19917947451877,28.607201944030336,77.19911029734968,1,31.42760702282228,Low
700261790#2,28.60703542636112,77.19990043550031,28.6070722168162,77.19910340251097,28.605527407442203,77.19900353369232,1,12.636621477882386,Low
700261790#3,28.6045689248237,77.19794770298608,28.60539768515449,77.19899633261537,28.605132959628683,77.19900155326062,2,0.1268331789349072,Low
700313694#1,28.600362075257852,77.1839153474226,28.59996614057737,77.18369460947919,28.59790181159239,77.18359210858128,1,21.81861041412717,Low
70258948#0,28.599034350733692,77.25439108526098,28.600826204436235,77.25469585811334,28.611734138209066,77.25125209403261,4,27.2632351863538,Medium
70258948#6,28.611591910132354,77.25148854595459,28.613335108954047,77.25072613449319,28.614324858019657,77.25043518202598,1,29.369905779617287,Low
70258954#5,28.590359791975118,77.2579130701796,28.59053662862369,77.25800316170051,28.5912371598438,77.25778046195796,1,5.965726209449516,Low
70258956#0,28.600808653746434,77.25334681948488,28.60127513144281,77.25480144549124,28.59936336505178,77.2554600018271,1,15.699703947162718,Low
70258963#1,28.594165433875794,77.25636678004106,28.59244637251497,77.25779721390461,28.590671404093683,77.2584054393078,2,13.753692754585236,Low
706970966#0,28.615835311192715,77.22534723271782,28.616255802255942,77.22535922519113,28.61495029386628,77.2282036027017,9,8.479051610218699,High
708281611#0,28.603149928186983,77.19164158640469,28.60296546325084,77.19099618959302,28.59870619171744,77.18776771812342,1,9.357624512580202,Low
708281614#0,28.595532808772067,77.19374442571481,28.59599088403863,77.19413489569854,28.59597996881991,77.19803926620946,2,18.81547703525615,Low
708474897#4,28.60561083597894,77.19817284930559,28.60836765074117,77.19907988418059,28.609683168015767,77.19915320331552,3,24.512398967349917,Medium
708474898#0,28.601867781917978,77.20531932832291,28.60134986525804,77.20454984636487,28.601938059495584,77.20361243258374,1,15.333433660137846,Low
708474898#3,28.602020391161243,77.20334550471604,28.60200838135033,77.2034882488134,28.6027599948122,77.20217185630094,3,20.34677277433489,Medium
708474899#1,28.597973586149894,77.20185049910783,28.60017672580997,77.20432159187872,28.59955382048581,77.20385343011844,1,22.04587510521156,Low
708474899#3,28.59849407872372,77.20358225041173,28.59948266993139,77.2038010312408,28.598769871511404,77.2032732367852,1,29.51722682227294,Low
708474899#4,28.599001622693937,77.20013107500506,28.59869834660132,77.20322164878937,28.597531109235323,77.20235784531512,1,24.91033889425124,Low
708474899#6,28.59717043406698,77.20169936532612,28.59706875506303,77.20199263161996,28.596365403456467,77.20184935491493,3,6.054623880771106,Medium
708488753#0,28.609450112812507,77.2188380623818,28.60747537686365,77.21890961313,28.609780125013263,77.22424540083095,3,19.482562953487296,Medium
708488754#5,28.611489783841932,77.2024274951959,28.61117553710669,77.19991005743913,28.610876885879296,77.20517274959971,2,23.128512572690788,Low
709276135#0,28.613911035397283,77.21842560085643,28.61354620914512,77.21845637957664,28.61429037966585,77.21850229128269,5,12.874263986332268,High
709276135#3,28.61516787733292,77.21844633023397,28.61442008601711,77.21851033537992,28.61648428410285,77.21860077380182,2,21.874745839729904,Low
709281061#0,28.61473934153886,77.21943744365234,28.61335242015281,77.21853778585285,28.610414596932536,77.21835036340633,2,12.89142265525692,Low
710522945#0-AddedOffRampEdge,28.597220731734442,77.22311204328265,28.59729391547851,77.22003038903425,28.597869597115167,77.21930691708616,3,13.033785890257226,Medium
710522945#2,28.597604530488585,77.2195811806562,28.597913860768124,77.21929823740302,28.59803339313041,77.21913410761248,3,0.1417984116191751,Medium
710621825#3,28.597852176490193,77.21856342118002,28.59784495261246,77.21888325146372,28.595870201853216,77.21699267842844,1,21.91642330257456,Low
711421327#0,28.611551245104206,77.2244268004921,28.60986383122893,77.22424143922134,28.610130073074632,77.21843517736627,1,17.12195988719472,Low
711421334#0,28.61725854813097,77.22437532870171,28.61604543539335,77.22502686700929,28.613207554324696,77.22485332419308,2,11.864500639575084,Low
711421335#0,28.608025759307242,77.22522517714825,28.609595120458792,77.224654471237,28.60403618299034,77.22428610612609,1,17.626806714947232,Low
712992071#0,28.619519333515413,77.22035900595571,28.619703493559708,77.21951729502217,28.61661588044399,77.22469011446114,9,23.543121547349035,High
712992074#0,28.617098405352387,77.21831449378055,28.61671654750084,77.21886425463553,28.6165045152336,77.22269026944934,1,27.01556382295441,Low
712992080#5,28.62695910817396,77.23384288131486,28.623500311152828,77.23409575574067,28.625168960228468,77.23244370441051,5,5.090906845062956,High
714492366#0,28.5981039389983,77.22149938035483,28.5970138571716,77.22322307634168,28.597103343611955,77.22299319733197,1,8.955925370706625,Low
715743299#1,28.60644986025348,77.23474467069867,28.60533875633504,77.23616043618668,28.605644492590432,77.235927975456,1,10.6366002895077,Low
715743299#2,28.6048506041427,77.23444153507477,28.605720776531005,77.23588716122525,28.60653200111652,77.2360628203861,1,13.856040347020224,Low
717046638#1,28.608453383086577,77.2397502355675,28.60782845190719,77.23822359208219,28.60801672840775,77.23858584565454,1,4.867499495221923,Low
717907807#0,28.6214321885781,77.21418602832878,28.62360087273284,77.21229133426516,28.623853114937784,77.21193984050619,2,15.212873773801691,Low
717907807#1,28.623426007430986,77.21087076039109,28.62392486846039,77.21181689501128,28.62648509038436,77.20714759584727,7,12.366559848035664,High
717907817#0,28.617466350603443,77.20960675751908,28.61863314202341,77.20966187024143,28.617305859857264,77.21205236590353,4,14.277231851501226,Medium
718297220#3,28.600322604106573,77.1868191776923,28.59993410800612,77.1862193172491,28.60068171351333,77.1877202168392,1,11.556173531453425,Low
722082937,28.610965912295775,77.1996773215171,28.610976444123445,77.19922371025113,28.61111622532893,77.19923378053996,2,1.975489301419873,Low
722082944,28.618456764163707,77.22104913231662,28.61955072199171,77.21836125411095,28.619707408809223,77.21826444081621,1,15.383511378340256,Low
722082946#0,28.611465713006275,77.21216368996636,28.61205244953464,77.21213865468211,28.61096267422436,77.21206673208569,1,19.54958430639644,Low
722082948#0,28.616707515188097,77.21164833775764,28.61734313068072,77.2122288187711,28.617339163405585,77.21245522695821,1,7.490721033569454,Low
722443696#5,28.60879778229087,77.20923933009512,28.60654008199652,77.21219723705595,28.605460309885267,77.21086519486344,2,12.470199682661775,Low
729959834,28.610417401160774,77.22451049863581,28.60988180782752,77.22427862655869,28.60997980084269,77.22428928050357,1,6.524029636606931,Low
730290864#0,28.591288406232547,77.22468935093403,28.59061645619967,77.22382045197007,28.591013733820898,77.22747537004481,2,11.629810819891407,Low
730290864#0-AddedOffRampEdge,28.591014165322488,77.22785256377138,28.591051174010296,77.22755252348466,28.591184649881484,77.22850063598727,1,23.08135092109816,Low
730290864#1,28.591142504102173,77.22862073254832,28.591161649033555,77.22854410847668,28.591194446191697,77.22878840852461,2,0.015547643991845,Low
732001894,28.60059379693941,77.22544039473192,28.60415150159374,77.22487938199201,28.603756946810343,77.22453234578994,1,11.048588450642177,Low
732001895#0,28.601001564875716,77.22780326792186,28.601944161297247,77.22999700166213,28.60172109511221,77.2302561651098,2,0.0003363939232938,Low
732001908#0,28.59964293118593,77.22842421371726,28.60059732186848,77.22874130560847,28.60041412423067,77.22841416680957,3,0.0,Medium
739750546#0,28.589322182941086,77.25628874747748,28.589383080714427,77.25060646299994,28.589392236995145,77.25074517279846,1,4.718150455146198,Low
74851428#3-AddedOffRampEdge,28.627568565164328,77.21814571430811,28.6264211693146,77.21804986849531,28.62647223524091,77.21901425125975,2,3.829708736508099,Low
74851428#5,28.626055758326377,77.217263374112,28.62644334727561,77.21905373016058,28.626443393951654,77.21917757045956,1,2.665335793535427,Low
749606297,28.59657491729847,77.1991183782117,28.59573820014661,77.19793077402349,28.59561164324684,77.19744999661154,1,17.8418704741962,Low
749606297-AddedOffRampEdge,28.595831523388412,77.19824943923594,28.595563498137995,77.19738090766786,28.59541514281651,77.1964243980716,2,18.500500279875368,Low
749606300#0,28.59392837256537,77.19880223998061,28.595995581446378,77.19881247456223,28.59580302626024,77.19826765225429,1,11.945589922424562,Low
749606303#0,28.623372771524032,77.19603741752175,28.62523873520158,77.19803128576206,28.626601593905352,77.19550771540582,2,10.695584602998949,Low
758753875,28.605999691854485,77.21482333203284,28.6062566529192,77.21775830340799,28.60654177620469,77.21740521755098,1,19.98665990527212,Low
758753876#1,28.59987361558751,77.21859162010752,28.599216208631614,77.21836694797301,28.600158043798213,77.21779141341722,2,9.575531555367018,Low
758753881#1,28.62288675794914,77.21313305631732,28.62269381316587,77.21213640816504,28.6231452442548,77.21236726654966,3,0.0,Medium
758753890#1,28.60565253955637,77.21927668987377,28.6066271922715,77.2173463819425,28.606746327174243,77.21727813251316,1,16.260872875335878,Low
758753893#0,28.61091793273608,77.2112682345615,28.61026518313728,77.21253267115212,28.60755914844336,77.21728631238064,2,28.36052566800625,Low
760525676#4,28.590160755076862,77.21653554862982,28.58975399592216,77.21651764158156,28.58942228113608,77.21302885416945,3,7.387277323994265,Medium
760525677#0,28.59036052540125,77.21848664020268,28.59021643770086,77.21975372929238,28.59059060026636,77.2235429744762,4,17.233963399803788,Medium
760525678#1,28.589758949064386,77.2127373900636,28.589518318087137,77.21302677721839,28.589685915121784,77.21472612491056,1,15.859627273188748,Low
760536610#0,28.61607981764135,77.21239959947371,28.61624885233592,77.2124382941515,28.613842553067947,77.21231697998078,2,15.87642480222612,Low
760536611#0,28.61669947330802,77.213172193137,28.61385401313188,77.21211241337525,28.616624192857685,77.21218460225866,1,11.68259795576774,Low
77339656#12,28.590922842698305,77.24223554103037,28.59219139472281,77.24424405379149,28.592723250581777,77.24371190971698,7,4.020179629835909,High
77339656#3,28.588494494702445,77.24715494777048,28.58874864927345,77.24659403164824,28.58970824473805,77.24605864241583,2,13.615190200359736,Low
77339656#9,28.589480227398518,77.24661764473827,28.589841995706536,77.24595854552103,28.592076100634884,77.244324817209,5,24.451538583307677,High
77349464#0,28.595743995899994,77.24066940017299,28.59547069389989,77.24038275374267,28.596894062915894,77.24058286336283,1,10.524719773411498,Low
77349465#0,28.59992554188536,77.23894997568055,28.60049418760248,77.2387394729028,28.59953007008374,77.23946820868746,1,20.47413403059956,Low
77349465#1,28.60007238605466,77.24050731658063,28.599416543710216,77.2395404322733,28.59901815545897,77.2397937026373,1,22.90080921569188,Low
77349465#2,28.59892045678414,77.2408050738823,28.59890444686276,77.2398660239214,28.59786644461676,77.2401515226588,2,20.716418616134888,Low
77349485#3,28.60484530262341,77.2351398349787,28.606060335570508,77.23492234282848,28.608523950200603,77.23351313505118,1,25.881682579177006,Low
77349485#4,28.609199809596827,77.23379634483432,28.608639634504588,77.23344667061076,28.60991806758817,77.23271843819285,1,10.401729991240051,Low
77349521,28.59658666361989,77.24052250143453,28.596627336960328,77.2412768813236,28.59445820586945,77.242808356127,1,24.57800036281367,Low
77349527,28.598959484635298,77.24105331424323,28.59825806635984,77.24016034248712,28.59667326353957,77.24120588459982,1,29.96775296733492,Low
77355810#11,28.597770799770654,77.23352896299745,28.60035681461808,77.23216053036957,28.601401494331,77.23217004266229,1,21.206216291606225,Low
77355810#7,28.59718848314332,77.23134348810581,28.59626688438292,77.2321495164683,28.597300497150503,77.2321462167401,1,5.198187346698336,Low
777743097#3,28.63002974106303,77.19789030467427,28.629829984279503,77.19882249139,28.630351949634186,77.19883398901351,1,11.349058769434144,Low
777743097#4,28.631479635937083,77.19650356456816,28.630491785490083,77.19889069721668,28.63058180834516,77.19895894561996,1,8.962354253928865,Low
778199266#0,28.62107911112072,77.21194078455441,28.62169924594899,77.21149975490371,28.62050684547375,77.21064494498873,1,21.80169813050815,Low
778199266#3,28.618750189272884,77.2101430555218,28.62020581136136,77.21042021717719,28.61900038572636,77.20956689800472,3,14.791252511703124,Medium
778549698#2-AddedOffRampEdge,28.62872958574789,77.24551071727021,28.628114617395465,77.24494634226396,28.628187289841737,77.24590742048434,1,23.07069695885168,Low
782774061#13,28.61552429701656,77.21100271635918,28.61556467322312,77.20925158643698,28.614954563130045,77.20925629693312,1,9.228687880078397,Low
782774061#18,28.614000744492515,77.20923722336128,28.6138005262466,77.2091854063355,28.61293340612644,77.20913166984657,1,12.018281469524176,Low
782774061#4,28.608681052962513,77.20839563530853,28.61229136394578,77.20868745535269,28.612868720563004,77.20871048032683,1,7.177486176245947,Low
782774061#7,28.614249545109363,77.21040311462231,28.61402018075361,77.20877895868837,28.61488971135433,77.20883427769688,1,21.00946236017237,Low
782774061#9,28.614030016088428,77.21005427329341,28.61497434849491,77.20883962826804,28.615672490043963,77.2091855396473,1,22.945053803453824,Low
783084112,28.60180632369707,77.23009505998678,28.60158871603976,77.23024610969797,28.60158946956086,77.2302441831041,1,0.0,Low
783084113#1,28.60231671875774,77.23030602573995,28.60227006377154,77.2295088486352,28.60202594587391,77.23000016054313,1,8.445218786104432,Low
80440840#11,28.58909287573555,77.24884412021609,28.58867946876924,77.24855751575102,28.588744791046373,77.24839442734807,1,9.833219319341996,Low
80440840#13,28.588155165671772,77.24912066471735,28.588831033269017,77.24818312517951,28.58884692016967,77.24814461802872,1,0.0373922641858835,Low
80440840#6,28.5870566749964,77.250073614862,28.588452708507024,77.24912442765802,28.58845976641233,77.249106893182,1,0.0028139297672821,Low
80499271#2,28.625452081951106,77.23604314178465,28.62562963080709,77.23583225025575,28.6254056157794,77.23952380279974,2,18.66990953486508,Low
80499762#4,28.621830362314373,77.23732074028258,28.61853232691885,77.23525951142193,28.62072561114368,77.23685362662283,1,0.0,Low
80499778#3,28.628193104551286,77.22605654711957,28.629245675525144,77.22575038773523,28.63018930112121,77.22411728645709,1,24.94788496658862,Low
80499778#6,28.63050181439345,77.22320275478555,28.630720467651475,77.223194085499,28.630995516071536,77.22230669063342,1,26.16081000265609,Low
80499782,28.626851144932324,77.24079393573899,28.62563801378037,77.24075862405584,28.62519684642117,77.24047233097683,1,0.0,Low
80921410#0,28.611588006809388,77.20869013203473,28.61101882689644,77.2059980926616,28.612227430531632,77.20864634251055,1,5.120983838648356,Low
80926768#1,28.631228145153695,77.19985589372716,28.630961520962384,77.2003461411193,28.63074538555786,77.20018741250189,1,7.8899362560671715,Low
80926768#7,28.6282738970811,77.1979344275383,28.62869385472104,77.19861513391075,28.62663438456479,77.19708601039126,1,10.48519721092245,Low
80950010#4,28.599713059891037,77.2015170494759,28.59945512446462,77.201664839186,28.5987599144492,77.20114243513241,1,13.058426942278649,Low
80950066#1,28.59805427550188,77.21297945937928,28.599009538447728,77.21441866685193,28.598261472883166,77.21487601868546,1,0.0,Low
895122213#0,28.623728011575196,77.24325740397316,28.624899176746684,77.2408330177397,28.616038688271743,77.2466199481081,1,12.55947223761305,Low
973071349,28.611752404841265,77.24661184428196,28.612177578655853,77.2479435361911,28.611805730571785,77.25167313908953,3,22.480986938713095,Medium
973071388,28.611871429831687,77.24969462037016,28.6156043702726,77.24871204856215,28.615410940688143,77.25028176057748,3,21.366809535348622,Medium
973071398,28.62194661326801,77.23721559502572,28.617473905765245,77.24021811813998,28.61963154965808,77.24026475361691,4,17.158780430015774,Medium
993539970,28.63015467842816,77.21156676116132,28.62992863839346,77.2113750337949,28.629420891312293,77.21025480820084,1,10.29497226280657,Low
994825990#0,28.622572578563027,77.21098392126899,28.624644161654576,77.21072817816018,28.62374428408292,77.21241050918202,3,19.30791497667865,Medium
995113416#0,28.621079036469446,77.24141520381139,28.61969732070904,77.24020500204401,28.62065694007069,77.23710003837226,1,8.146616701192624,Low
995113419,28.62496466382555,77.23177352803388,28.625266322205263,77.23233379013463,28.62529263411181,77.23227564957114,1,0.0,Low
996679781#0,28.626840234861504,77.2263658746951,28.62870278323785,77.22673273027442,28.628799647251927,77.22656501733312,1,0.4246313459829567,Low
997761547,28.627544387998416,77.21249107228856,28.6272154333059,77.21510033628427,28.62710225679642,77.21531189294697,2,2.4938520795388945,Low
998197439#0,28.609377208013196,77.23953145385813,28.61068129558146,77.23998536546802,28.61117121129189,77.23999740027666,1,19.20432580308757,Low
998197439#0-AddedOnRampEdge,28.609861824102058,77.23960491498077,28.60975719930577,77.23993006795075,28.610609683048867,77.23995092228618,1,11.187115682154664,Low
998197439#1,28.607658976168008,77.24047645351386,28.61130108625565,77.240000566012,28.6126719537658,77.2400251665058,1,3.317508920613701,Low
998790351#0,28.624927067420572,77.23039668260992,28.625162062778987,77.23057822798717,28.62557911849844,77.23139858966096,1,21.10613678738729,Low
998790352#0,28.62072570478163,77.22481912573633,28.622501967013736,77.22460267351819,28.62281448480673,77.22525287822135,4,16.89633199344824,Medium
998790353#0,28.62466017672398,77.22734211720443,28.62305518751613,77.2260727518833,28.62281347979236,77.2255392824227,1,28.841043900868023,Low
998790353#3,28.62332973351864,77.22485396356251,28.62271229217717,77.22531115690357,28.622430795494463,77.2246620159765,1,28.236670084498343,Low
998790354#0,28.621299150440816,77.22246966878993,28.621425267203144,77.22219523117079,28.62250073951106,77.2246005002123,1,22.921589601619345,Low
998790355#1,28.619306123209977,77.22227019941253,28.62133094293096,77.2219498725735,28.621423096116967,77.22219007258234,1,27.84051493113142,Low
998790359,28.620017769518196,77.21900263425435,28.62024627145012,77.21935406160935,28.62028266625758,77.21967151421816,1,11.480497931963496,Low
998790360,28.62225353425412,77.21948926203909,28.62020506902994,77.21966057618492,28.620041775164783,77.21947768139636,2,3.033790125818313,Low
998790361,28.618911756466257,77.21578868749938,28.619560685346748,77.21809437257652,28.61970954813805,77.21822194750388,1,0.0,Low
998790362#0,28.61770479932394,77.2126772593888,28.617215840133888,77.21271379580918,28.61738615691592,77.21320204922738,1,14.392701946852275,Low
